sku,codigo_barras,nome,marca,categoria,conteudo_embalagem,unidade,preco_custo,preco_venda,estoque_inicial,estoque_minimo,tipo,ativo,status_conferencia,fonte
EAN-7896045505357,7896045505357,Cerveja lager heineken lata 250ml,Heineken,Cervejas,250 ML,UN,,,0,0,PRODUTO,SIM,CONFERIR EMBALAGEM,https://world.openfoodfacts.org/product/7896045505357
EAN-7896045506064,7896045506064,Cerveja lager premium puro malte zero álcool heineken lata 350ml,Heineken,Cervejas,350 ML,UN,,,0,0,PRODUTO,SIM,CONFERIR EMBALAGEM,https://world.openfoodfacts.org/product/7896045506064
EAN-7897395040390,7897395040390,Cerveja pilsen zero álcool itaipava lata 350ml,Itaipava,Cervejas,350 ML,UN,,,0,0,PRODUTO,SIM,CONFERIR EMBALAGEM,https://world.openfoodfacts.org/product/7897395040390
EAN-7891991298407,7891991298407,Cerveja zero álcool budweiser lata 350ml,Budweiser,Cervejas,350 ML,UN,,,0,0,PRODUTO,SIM,CONFERIR EMBALAGEM,https://world.openfoodfacts.org/product/7891991298407
EAN-7896045506040,7896045506040,Heineken zero 330ml,Heineken,Cervejas,330 ML,UN,,,0,0,PRODUTO,SIM,CONFERIR EMBALAGEM,https://world.openfoodfacts.org/product/7896045506040
EAN-7891991300865,7891991300865,Beb.mista skol beats mojito lt 269ml,Skol,Cervejas,269 ML,UN,,,0,0,PRODUTO,SIM,CONFERIR EMBALAGEM,https://world.openfoodfacts.org/product/7891991300865
EAN-7898964084159,7898964084159,Cerveja apa puro malte ginjo sake beers garrafa 500ml,,Cervejas,500 ML,UN,,,0,0,PRODUTO,SIM,CONFERIR EMBALAGEM,https://world.openfoodfacts.org/product/7898964084159
EAN-7898964084166,7898964084166,Cerveja ipa puro malte ginjo sake beers garrafa 500ml,,Cervejas,500 ML,UN,,,0,0,PRODUTO,SIM,CONFERIR EMBALAGEM,https://world.openfoodfacts.org/product/7898964084166
EAN-7898964084135,7898964084135,Cerveja kölsch puro malte ginjo sake beers garrafa 500ml,,Cervejas,500 ML,UN,,,0,0,PRODUTO,SIM,CONFERIR EMBALAGEM,https://world.openfoodfacts.org/product/7898964084135
EAN-7891991302029,7891991302029,Cerveja superior light michelob ultra lata 350ml,,Cervejas,350 ML,UN,,,0,0,PRODUTO,SIM,CONFERIR EMBALAGEM,https://world.openfoodfacts.org/product/7891991302029
EAN-7898964084142,7898964084142,Cerveja weiss ginjo sake beers garrafa 500ml,,Cervejas,500 ML,UN,,,0,0,PRODUTO,SIM,CONFERIR EMBALAGEM,https://world.openfoodfacts.org/product/7898964084142
EAN-7898230715213,7898230715213,Cerveja witbier coentro e laranja baden baden garrafa 600ml,,Cervejas,600 ML,UN,,,0,0,PRODUTO,SIM,CONFERIR EMBALAGEM,https://world.openfoodfacts.org/product/7898230715213
EAN-7896045523412,7896045523412,Cerveza heineken,Heineken,Cervejas,,UN,,,0,0,PRODUTO,SIM,CONFERIR EMBALAGEM,https://world.openfoodfacts.org/product/7896045523412
EAN-7897395020101,7897395020101,Itaipava,Itaipava,Cervejas,,UN,,,0,0,PRODUTO,SIM,CONFERIR EMBALAGEM,https://world.openfoodfacts.org/product/7897395020101
EAN-7898925943013,7898925943013,Cerveja colorado cauim 600ml,,Cervejas,600 ML,UN,,,0,0,PRODUTO,SIM,CONFERIR EMBALAGEM,https://world.openfoodfacts.org/product/7898925943013
EAN-7898235984140,7898235984140,Cerveja paradiso green coast lt 473ml,,Cervejas,473 ML,UN,,,0,0,PRODUTO,SIM,CONFERIR EMBALAGEM,https://world.openfoodfacts.org/product/7898235984140
EAN-7898235984157,7898235984157,Cerveja paradiso laguna witbier lt 473ml,,Cervejas,473 ML,UN,,,0,0,PRODUTO,SIM,CONFERIR EMBALAGEM,https://world.openfoodfacts.org/product/7898235984157
EAN-7896371000229,7896371000229,Cerveja therezópolis 500ml ln orblanc,,Cervejas,500 ML,UN,,,0,0,PRODUTO,SIM,CONFERIR EMBALAGEM,https://world.openfoodfacts.org/product/7896371000229
EAN-7898099397575,7898099397575,"Chop cerveja wienbier ipa 1,5l",,Cervejas,1.5 L,UN,,,0,0,PRODUTO,SIM,CONFERIR EMBALAGEM,https://world.openfoodfacts.org/product/7898099397575
EAN-5854291104252,5854291104252,Beb.mista skol beats caipirinha lt,Skol,Cervejas,,UN,,,0,0,PRODUTO,SIM,CONFERIR EMBALAGEM,https://world.openfoodfacts.org/product/5854291104252
EAN-7891149104932,7891149104932,Brahma zero álcool,Brahma,Cervejas,,UN,,,0,0,PRODUTO,SIM,CONFERIR EMBALAGEM,https://world.openfoodfacts.org/product/7891149104932
EAN-7891991012096,7891991012096,Budweiser,Budweiser,Cervejas,,UN,,,0,0,PRODUTO,SIM,CONFERIR EMBALAGEM,https://world.openfoodfacts.org/product/7891991012096
EAN-7891991011723,7891991011723,Cerveja lager budweiser,Budweiser,Cervejas,,UN,,,0,0,PRODUTO,SIM,CONFERIR EMBALAGEM,https://world.openfoodfacts.org/product/7891991011723
EAN-7897395001063,7897395001063,Cerveja petra premium,Petra,Cervejas,,UN,,,0,0,PRODUTO,SIM,CONFERIR EMBALAGEM,https://world.openfoodfacts.org/product/7897395001063
EAN-7891149101900,7891149101900,Cerveja stella artois,Stella Artois,Cervejas,,UN,,,0,0,PRODUTO,SIM,CONFERIR EMBALAGEM,https://world.openfoodfacts.org/product/7891149101900
EAN-7891149100019,7891149100019,Brahma,Brahma,Cervejas,,UN,,,0,0,PRODUTO,SIM,CONFERIR EMBALAGEM,https://world.openfoodfacts.org/product/7891149100019
EAN-7891991006101,7891991006101,Cerveja pilsen,,Cervejas,,UN,,,0,0,PRODUTO,SIM,CONFERIR EMBALAGEM,https://world.openfoodfacts.org/product/7891991006101
EAN-7891149103102,7891149103102,Skol,Skol,Cervejas,,UN,,,0,0,PRODUTO,SIM,CONFERIR EMBALAGEM,https://world.openfoodfacts.org/product/7891149103102
EAN-7891960874687,7891960874687,Cerveja antarctica lt 35oml c/18 pilsen,,Cervejas,,UN,,,0,0,PRODUTO,SIM,CONFERIR EMBALAGEM,https://world.openfoodfacts.org/product/7891960874687
EAN-7891991298476,7891991298476,Cerveja de trigo feita com semente de coentro & casca de laranja,,Cervejas,,UN,,,0,0,PRODUTO,SIM,CONFERIR EMBALAGEM,https://world.openfoodfacts.org/product/7891991298476
EAN-7898367983790,7898367983790,Cerveja eisenbahn,,Cervejas,,UN,,,0,0,PRODUTO,SIM,CONFERIR EMBALAGEM,https://world.openfoodfacts.org/product/7898367983790
EAN-17898915949206,17898915949206,Cerveja imperio,,Cervejas,,UN,,,0,0,PRODUTO,SIM,CONFERIR EMBALAGEM,https://world.openfoodfacts.org/product/17898915949206
EAN-7898958547059,7898958547059,Cerveja leopoldina,,Cervejas,,UN,,,0,0,PRODUTO,SIM,CONFERIR EMBALAGEM,https://world.openfoodfacts.org/product/7898958547059
EAN-7891991009584,7891991009584,Cerveja original,,Cervejas,,UN,,,0,0,PRODUTO,SIM,CONFERIR EMBALAGEM,https://world.openfoodfacts.org/product/7891991009584
EAN-7898605251827,7898605251827,Cerveja puro malte ribeirão lager - lager com casca de laranja,,Cervejas,,UN,,,0,0,PRODUTO,SIM,CONFERIR EMBALAGEM,https://world.openfoodfacts.org/product/7898605251827
EAN-7896371000007,7896371000007,Cerveja therezopolis gold,,Cervejas,,UN,,,0,0,PRODUTO,SIM,CONFERIR EMBALAGEM,https://world.openfoodfacts.org/product/7896371000007
EAN-7891121155006,7891121155006,Gin london dry silver seagers garrafa 750ml,,Destilados,750 ML,UN,,,0,0,PRODUTO,SIM,CONFERIR EMBALAGEM,https://world.openfoodfacts.org/product/7891121155006
EAN-7891121203004,7891121203004,Licor creme cacau stock garrafa 720ml,,Destilados,720 ML,UN,,,0,0,PRODUTO,SIM,CONFERIR EMBALAGEM,https://world.openfoodfacts.org/product/7891121203004
EAN-7891121219005,7891121219005,Licor creme cassis stock garrafa 720ml,,Destilados,720 ML,UN,,,0,0,PRODUTO,SIM,CONFERIR EMBALAGEM,https://world.openfoodfacts.org/product/7891121219005
EAN-7891121212006,7891121212006,Licor creme chocolate stock garrafa 720ml,,Destilados,720 ML,UN,,,0,0,PRODUTO,SIM,CONFERIR EMBALAGEM,https://world.openfoodfacts.org/product/7891121212006
EAN-7891121213003,7891121213003,Licor fino curaçau blue stock garrafa 720ml,,Destilados,720 ML,UN,,,0,0,PRODUTO,SIM,CONFERIR EMBALAGEM,https://world.openfoodfacts.org/product/7891121213003
EAN-7891121035001,7891121035001,0000018353 gin com tonica seager s 24x275ml,,Destilados,275 ML,UN,,,0,0,PRODUTO,SIM,CONFERIR EMBALAGEM,https://world.openfoodfacts.org/product/7891121035001
EAN-7891121153705,7891121153705,Kit gin silver seagers gfa 750ml,,Destilados,750 ML,UN,,,0,0,PRODUTO,SIM,CONFERIR EMBALAGEM,https://world.openfoodfacts.org/product/7891121153705
EAN-27896008101248,27896008101248,Coquetel vodka barkov 1l frutas verm,,Destilados,1 L,UN,,,0,0,PRODUTO,SIM,CONFERIR EMBALAGEM,https://world.openfoodfacts.org/product/27896008101248
EAN-882202841366,882202841366,Beb.mista schweppes gin tonic pink,Schweppes,Destilados,,UN,,,0,0,PRODUTO,SIM,CONFERIR EMBALAGEM,https://world.openfoodfacts.org/product/882202841366
EAN-7893218003931,7893218003931,Beb.mista tanqueray gin tonica lt,,Destilados,,UN,,,0,0,PRODUTO,SIM,CONFERIR EMBALAGEM,https://world.openfoodfacts.org/product/7893218003931
EAN-7897297200144,7897297200144,Biscoito champagne di cunto pacote 200g,Bis,Vinhos e espumantes,200 G,UN,,,0,0,PRODUTO,SIM,CONFERIR EMBALAGEM,https://world.openfoodfacts.org/product/7897297200144
EAN-7891962035451,7891962035451,Biscoito champagne com açúcar cristal bauducco caixa 150g,Bis,Vinhos e espumantes,150 G,UN,,,0,0,PRODUTO,SIM,CONFERIR EMBALAGEM,https://world.openfoodfacts.org/product/7891962035451
EAN-7898152996875,7898152996875,Vinagre de vinho branco paganini vidro 500ml,,Vinhos e espumantes,500 ML,UN,,,0,0,PRODUTO,SIM,CONFERIR EMBALAGEM,https://world.openfoodfacts.org/product/7898152996875
EAN-3280111800004,3280111800004,Vinho francês meio seco sea sun rosé piscine gamay négrette moscatel cahors garrafa 750ml,,Vinhos e espumantes,750 ML,UN,,,0,0,PRODUTO,SIM,CONFERIR EMBALAGEM,https://world.openfoodfacts.org/product/3280111800004
EAN-7898950172150,7898950172150,Biscoito champagne tradicional,Bis,Vinhos e espumantes,,UN,,,0,0,PRODUTO,SIM,CONFERIR EMBALAGEM,https://world.openfoodfacts.org/product/7898950172150
EAN-7898968046054,7898968046054,Le vin queijo minas meia cura com vinho,,Vinhos e espumantes,,UN,,,0,0,PRODUTO,SIM,CONFERIR EMBALAGEM,https://world.openfoodfacts.org/product/7898968046054
EAN-7898666241201,7898666241201,Geleia de vinho,,Vinhos e espumantes,,UN,,,0,0,PRODUTO,SIM,CONFERIR EMBALAGEM,https://world.openfoodfacts.org/product/7898666241201
EAN-7696275983747,7696275983747,Pernil temperado sabor vinho,,Vinhos e espumantes,,UN,,,0,0,PRODUTO,SIM,CONFERIR EMBALAGEM,https://world.openfoodfacts.org/product/7696275983747
EAN-7898366933109,7898366933109,Vinagre de vinho tinto - palmeiron,,Vinhos e espumantes,,UN,,,0,0,PRODUTO,SIM,CONFERIR EMBALAGEM,https://world.openfoodfacts.org/product/7898366933109
EAN-7896089325089,7896089325089,Vinagre de vinho tinto peixe,,Vinhos e espumantes,,UN,,,0,0,PRODUTO,SIM,CONFERIR EMBALAGEM,https://world.openfoodfacts.org/product/7896089325089
EAN-7897534101180,7897534101180,Vinho bella aurora,,Vinhos e espumantes,,UN,,,0,0,PRODUTO,SIM,CONFERIR EMBALAGEM,https://world.openfoodfacts.org/product/7897534101180
EAN-7896620900805,7896620900805,Vinho de mesa tinto suave quinta do carvalho,,Vinhos e espumantes,,UN,,,0,0,PRODUTO,SIM,CONFERIR EMBALAGEM,https://world.openfoodfacts.org/product/7896620900805
EAN-7790240093599,7790240093599,Vinho fino tinto seco altos del condor - merlot,,Vinhos e espumantes,,UN,,,0,0,PRODUTO,SIM,CONFERIR EMBALAGEM,https://world.openfoodfacts.org/product/7790240093599
EAN-7891141026751,7891141026751,Vinho frisante tinto suave,,Vinhos e espumantes,,UN,,,0,0,PRODUTO,SIM,CONFERIR EMBALAGEM,https://world.openfoodfacts.org/product/7891141026751
EAN-7802940020482,7802940020482,Vinho tinho carmerère,,Vinhos e espumantes,,UN,,,0,0,PRODUTO,SIM,CONFERIR EMBALAGEM,https://world.openfoodfacts.org/product/7802940020482
EAN-708470223058,708470223058,Energético diet monster absolutely zero lata 473ml,Monster,Energéticos,473 ML,UN,,,0,0,PRODUTO,SIM,CONFERIR EMBALAGEM,https://world.openfoodfacts.org/product/708470223058
EAN-7891991298551,7891991298551,Energético fusion loud garrafa 500ml,Fusion,Energéticos,500 ML,UN,,,0,0,PRODUTO,SIM,CONFERIR EMBALAGEM,https://world.openfoodfacts.org/product/7891991298551
EAN-708470220224,708470220224,Energético juice monster khaos lata 473ml,Monster,Energéticos,473 ML,UN,,,0,0,PRODUTO,SIM,CONFERIR EMBALAGEM,https://world.openfoodfacts.org/product/708470220224
EAN-708470333016,708470333016,Energético juice monster mango loco lata 473ml,Monster,Energéticos,473 ML,UN,,,0,0,PRODUTO,SIM,CONFERIR EMBALAGEM,https://world.openfoodfacts.org/product/708470333016
EAN-1220000250031,1220000250031,Energético juice monster pacific punch lata 473ml,Monster,Energéticos,473 ML,UN,,,0,0,PRODUTO,SIM,CONFERIR EMBALAGEM,https://world.openfoodfacts.org/product/1220000250031
EAN-708470348034,708470348034,Energético lemon monster dragon ice tea lata 473ml,Monster,Energéticos,473 ML,UN,,,0,0,PRODUTO,SIM,CONFERIR EMBALAGEM,https://world.openfoodfacts.org/product/708470348034
EAN-708470220156,708470220156,Energético monster lata 473ml,Monster,Energéticos,473 ML,UN,,,0,0,PRODUTO,SIM,CONFERIR EMBALAGEM,https://world.openfoodfacts.org/product/708470220156
EAN-708470222068,708470222068,Energético monster ultra lata 473ml,Monster,Energéticos,473 ML,UN,,,0,0,PRODUTO,SIM,CONFERIR EMBALAGEM,https://world.openfoodfacts.org/product/708470222068
EAN-609963191239,609963191239,"Energético natural hibisco, cranberry e morango green up lata 269ml",Bis,Energéticos,269 ML,UN,,,0,0,PRODUTO,SIM,CONFERIR EMBALAGEM,https://world.openfoodfacts.org/product/609963191239
EAN-708470339292,708470339292,Energético ultra violet zero açúcar monster lata 473ml,Monster,Energéticos,473 ML,UN,,,0,0,PRODUTO,SIM,CONFERIR EMBALAGEM,https://world.openfoodfacts.org/product/708470339292
EAN-7898080662668,7898080662668,Energético baly garrafa 2l,,Energéticos,2 L,UN,,,0,0,PRODUTO,SIM,CONFERIR EMBALAGEM,https://world.openfoodfacts.org/product/7898080662668
EAN-7898080662262,7898080662262,Energético baly lata 250ml,,Energéticos,250 ML,UN,,,0,0,PRODUTO,SIM,CONFERIR EMBALAGEM,https://world.openfoodfacts.org/product/7898080662262
EAN-7898080663733,7898080663733,Energético baly lata 473ml,,Energéticos,473 ML,UN,,,0,0,PRODUTO,SIM,CONFERIR EMBALAGEM,https://world.openfoodfacts.org/product/7898080663733
EAN-815154021104,815154021104,Energético burn garrafa 1l,,Energéticos,1 L,UN,,,0,0,PRODUTO,SIM,CONFERIR EMBALAGEM,https://world.openfoodfacts.org/product/815154021104
EAN-815154021203,815154021203,Energético burn lata 260ml,,Energéticos,260 ML,UN,,,0,0,PRODUTO,SIM,CONFERIR EMBALAGEM,https://world.openfoodfacts.org/product/815154021203
EAN-7898080664563,7898080664563,Energético maçã verde baly garrafa 2l,,Energéticos,2 L,UN,,,0,0,PRODUTO,SIM,CONFERIR EMBALAGEM,https://world.openfoodfacts.org/product/7898080664563
EAN-7898080664570,7898080664570,Energético maçã verde baly lata 250ml,,Energéticos,250 ML,UN,,,0,0,PRODUTO,SIM,CONFERIR EMBALAGEM,https://world.openfoodfacts.org/product/7898080664570
EAN-7898080664815,7898080664815,Energético maçã verde zero açúcar baly lata 473ml,,Energéticos,473 ML,UN,,,0,0,PRODUTO,SIM,CONFERIR EMBALAGEM,https://world.openfoodfacts.org/product/7898080664815
EAN-7898080664846,7898080664846,Energético manga baly summer loko lata 473ml,,Energéticos,473 ML,UN,,,0,0,PRODUTO,SIM,CONFERIR EMBALAGEM,https://world.openfoodfacts.org/product/7898080664846
EAN-7898080664372,7898080664372,Energético melancia baly lata 250ml,,Energéticos,250 ML,UN,,,0,0,PRODUTO,SIM,CONFERIR EMBALAGEM,https://world.openfoodfacts.org/product/7898080664372
EAN-7898080664402,7898080664402,Energético melancia baly lata 473ml leve mais pague menos,,Energéticos,473 ML,UN,,,0,0,PRODUTO,SIM,CONFERIR EMBALAGEM,https://world.openfoodfacts.org/product/7898080664402
EAN-7898080664839,7898080664839,Energético melancia zero açúcar baly lata 473ml,,Energéticos,473 ML,UN,,,0,0,PRODUTO,SIM,CONFERIR EMBALAGEM,https://world.openfoodfacts.org/product/7898080664839
EAN-7898080664990,7898080664990,Energético morango e pêssego das galáxias baly lata 250ml,,Energéticos,250 ML,UN,,,0,0,PRODUTO,SIM,CONFERIR EMBALAGEM,https://world.openfoodfacts.org/product/7898080664990
EAN-609963191222,609963191222,"Energético natural camu camu, acerola e cúrcuma green up lata 269ml",,Energéticos,269 ML,UN,,,0,0,PRODUTO,SIM,CONFERIR EMBALAGEM,https://world.openfoodfacts.org/product/609963191222
EAN-609963191208,609963191208,"Energético natural capim santo, limão e hortelã green up lata 269ml",,Energéticos,269 ML,UN,,,0,0,PRODUTO,SIM,CONFERIR EMBALAGEM,https://world.openfoodfacts.org/product/609963191208
EAN-7898080664891,7898080664891,Energético tangerina baly garrafa 2l,,Energéticos,2 L,UN,,,0,0,PRODUTO,SIM,CONFERIR EMBALAGEM,https://world.openfoodfacts.org/product/7898080664891
EAN-7898080664907,7898080664907,Energético tangerina baly lata 250ml,,Energéticos,250 ML,UN,,,0,0,PRODUTO,SIM,CONFERIR EMBALAGEM,https://world.openfoodfacts.org/product/7898080664907
EAN-7898080664112,7898080664112,Energético tropical baly garrafa 2l,,Energéticos,2 L,UN,,,0,0,PRODUTO,SIM,CONFERIR EMBALAGEM,https://world.openfoodfacts.org/product/7898080664112
EAN-7898080664037,7898080664037,Energético tropical baly lata 250ml,,Energéticos,250 ML,UN,,,0,0,PRODUTO,SIM,CONFERIR EMBALAGEM,https://world.openfoodfacts.org/product/7898080664037
EAN-7898080664273,7898080664273,Energético tropical baly lata 473ml,,Energéticos,473 ML,UN,,,0,0,PRODUTO,SIM,CONFERIR EMBALAGEM,https://world.openfoodfacts.org/product/7898080664273
EAN-7898275251073,7898275251073,Energético tsunami garrafa 2l,,Energéticos,2 L,UN,,,0,0,PRODUTO,SIM,CONFERIR EMBALAGEM,https://world.openfoodfacts.org/product/7898275251073
EAN-9002490240875,9002490240875,Red bull coco 250ml,Red Bull,Energéticos,250 ML,UN,,,0,0,PRODUTO,SIM,CONFERIR EMBALAGEM,https://world.openfoodfacts.org/product/9002490240875
EAN-9002490250270,9002490250270,Red bull pitaya 250ml,Red Bull,Energéticos,250 ML,UN,,,0,0,PRODUTO,SIM,CONFERIR EMBALAGEM,https://world.openfoodfacts.org/product/9002490250270
EAN-9002490258825,9002490258825,Red bull summer 250ml,Red Bull,Energéticos,250 ML,UN,,,0,0,PRODUTO,SIM,CONFERIR EMBALAGEM,https://world.openfoodfacts.org/product/9002490258825
EAN-7897395031626,7897395031626,Energético tnt original,TNT,Energéticos,,UN,,,0,0,PRODUTO,SIM,CONFERIR EMBALAGEM,https://world.openfoodfacts.org/product/7897395031626
EAN-7898132846862,7898132846862,Energético flying house 2l pitaya,,Energéticos,2 L,UN,,,0,0,PRODUTO,SIM,CONFERIR EMBALAGEM,https://world.openfoodfacts.org/product/7898132846862
EAN-7898132844493,7898132844493,Energético flying house 2l tradicional,,Energéticos,2 L,UN,,,0,0,PRODUTO,SIM,CONFERIR EMBALAGEM,https://world.openfoodfacts.org/product/7898132844493
EAN-7898961176727,7898961176727,Energético tsunami mango pepper 2l,,Energéticos,2 L,UN,,,0,0,PRODUTO,SIM,CONFERIR EMBALAGEM,https://world.openfoodfacts.org/product/7898961176727
EAN-3016031088075,3016031088075,Monster energético,Monster,Energéticos,,UN,,,0,0,PRODUTO,SIM,CONFERIR EMBALAGEM,https://world.openfoodfacts.org/product/3016031088075
EAN-9002490214166,9002490214166,Red bull® energy drink,Red Bull,Energéticos,,UN,,,0,0,PRODUTO,SIM,CONFERIR EMBALAGEM,https://world.openfoodfacts.org/product/9002490214166
EAN-7898158492425,7898158492425,Energético birthday cake,,Energéticos,,UN,,,0,0,PRODUTO,SIM,CONFERIR EMBALAGEM,https://world.openfoodfacts.org/product/7898158492425
EAN-7898377662050,7898377662050,Energético zero açúcares maçã verde,,Energéticos,,UN,,,0,0,PRODUTO,SIM,CONFERIR EMBALAGEM,https://world.openfoodfacts.org/product/7898377662050
EAN-7894900184402,7894900184402,Água tônica limão com toque de sal schweppes lata 220ml,Schweppes,Refrigerantes,220 ML,UN,,,0,0,PRODUTO,SIM,CONFERIR EMBALAGEM,https://world.openfoodfacts.org/product/7894900184402
EAN-7894900301755,7894900301755,"Água tônica schweppes garrafa 1,5l",Schweppes,Refrigerantes,1.5 L,UN,,,0,0,PRODUTO,SIM,CONFERIR EMBALAGEM,https://world.openfoodfacts.org/product/7894900301755
EAN-7894900303407,7894900303407,Água tônica schweppes garrafa 250ml,Schweppes,Refrigerantes,250 ML,UN,,,0,0,PRODUTO,SIM,CONFERIR EMBALAGEM,https://world.openfoodfacts.org/product/7894900303407
EAN-7894900360394,7894900360394,Água tônica zero açúcar schweppes lata 220ml,Schweppes,Refrigerantes,220 ML,UN,,,0,0,PRODUTO,SIM,CONFERIR EMBALAGEM,https://world.openfoodfacts.org/product/7894900360394
EAN-7895144208442,7895144208442,"Bala fanta laranja mentos pacote 37,5g",Fanta,Refrigerantes,37.5 G,UN,,,0,0,PRODUTO,SIM,CONFERIR EMBALAGEM,https://world.openfoodfacts.org/product/7895144208442
EAN-7891118025688,7891118025688,Bala guaraná antarctica poosh pacote 150g,Guaraná Antarctica,Refrigerantes,150 G,UN,,,0,0,PRODUTO,SIM,CONFERIR EMBALAGEM,https://world.openfoodfacts.org/product/7891118025688
EAN-7894900911756,7894900911756,"Kuat garrafa pet 1,5 l",Kuat,Refrigerantes,1.5 L,UN,,,0,0,PRODUTO,SIM,CONFERIR EMBALAGEM,https://world.openfoodfacts.org/product/7894900911756
EAN-7894900011326,7894900011326,Pack refrigerante coca cola original lata 6 unidades 350ml cada leve mais pague menos,Coca-Cola,Refrigerantes,350 ML,UN,,,0,0,PRODUTO,SIM,CONFERIR EMBALAGEM,https://world.openfoodfacts.org/product/7894900011326
EAN-7892840812386,7892840812386,"Pepsi garrafa pet 1,5 l",Pepsi,Refrigerantes,1.5 L,UN,,,0,0,PRODUTO,SIM,CONFERIR EMBALAGEM,https://world.openfoodfacts.org/product/7892840812386
EAN-7892840802714,7892840802714,Pepsi twist garrafa pet 2 l,Pepsi,Refrigerantes,2 L,UN,,,0,0,PRODUTO,SIM,CONFERIR EMBALAGEM,https://world.openfoodfacts.org/product/7892840802714
EAN-7891991301695,7891991301695,Refrigerante acerola guaraná antarctica lata 350ml,Guaraná Antarctica,Refrigerantes,350 ML,UN,,,0,0,PRODUTO,SIM,CONFERIR EMBALAGEM,https://world.openfoodfacts.org/product/7891991301695
EAN-7894900025019,7894900025019,Refrigerante café espresso coca cola lata 220ml,Coca-Cola,Refrigerantes,220 ML,UN,,,0,0,PRODUTO,SIM,CONFERIR EMBALAGEM,https://world.openfoodfacts.org/product/7894900025019
EAN-7891991301732,7891991301732,Refrigerante cajá guaraná antarctica lata 350ml,Guaraná Antarctica,Refrigerantes,350 ML,UN,,,0,0,PRODUTO,SIM,CONFERIR EMBALAGEM,https://world.openfoodfacts.org/product/7891991301732
EAN-7894900321753,7894900321753,"Refrigerante citrus schweppes garrafa 1,5l",Schweppes,Refrigerantes,1.5 L,UN,,,0,0,PRODUTO,SIM,CONFERIR EMBALAGEM,https://world.openfoodfacts.org/product/7894900321753
EAN-7894900027488,7894900027488,Refrigerante coca cola coca s/acucar lv pg pet 2l 7894900027488,Coca-Cola,Refrigerantes,2 L,UN,,,0,0,PRODUTO,SIM,CONFERIR EMBALAGEM,https://world.openfoodfacts.org/product/7894900027488
EAN-7894900011715,7894900011715,Refrigerante coca cola garrafa 1l,Coca-Cola,Refrigerantes,1 L,UN,,,0,0,PRODUTO,SIM,CONFERIR EMBALAGEM,https://world.openfoodfacts.org/product/7894900011715
EAN-7894900011593,7894900011593,"Refrigerante coca cola garrafa 2,5l embalagem econômica",Coca-Cola,Refrigerantes,2.5 L,UN,,,0,0,PRODUTO,SIM,CONFERIR EMBALAGEM,https://world.openfoodfacts.org/product/7894900011593
EAN-7894900011517,7894900011517,Refrigerante coca cola garrafa 2l,Coca-Cola,Refrigerantes,2 L,UN,,,0,0,PRODUTO,SIM,CONFERIR EMBALAGEM,https://world.openfoodfacts.org/product/7894900011517
EAN-7894900011753,7894900011753,"Refrigerante coca cola original garrafa 1,5l",Coca-Cola,Refrigerantes,1.5 L,UN,,,0,0,PRODUTO,SIM,CONFERIR EMBALAGEM,https://world.openfoodfacts.org/product/7894900011753
EAN-7894900027020,7894900027020,"Refrigerante coca cola original garrafa 2,5l embalagem econômica",Coca-Cola,Refrigerantes,2.5 L,UN,,,0,0,PRODUTO,SIM,CONFERIR EMBALAGEM,https://world.openfoodfacts.org/product/7894900027020
EAN-7894900027013,7894900027013,Refrigerante coca cola original garrafa 2l,Coca-Cola,Refrigerantes,2 L,UN,,,0,0,PRODUTO,SIM,CONFERIR EMBALAGEM,https://world.openfoodfacts.org/product/7894900027013
EAN-7894900027037,7894900027037,Refrigerante coca cola original garrafa 3l embalagem econômica,Coca-Cola,Refrigerantes,3 L,UN,,,0,0,PRODUTO,SIM,CONFERIR EMBALAGEM,https://world.openfoodfacts.org/product/7894900027037
EAN-7892840800567,7892840800567,Refrigerante cola pepsi garrafa 200ml,Pepsi,Refrigerantes,200 ML,UN,,,0,0,PRODUTO,SIM,CONFERIR EMBALAGEM,https://world.openfoodfacts.org/product/7892840800567
EAN-7892840800604,7892840800604,Refrigerante cola pepsi garrafa 3l,Pepsi,Refrigerantes,3 L,UN,,,0,0,PRODUTO,SIM,CONFERIR EMBALAGEM,https://world.openfoodfacts.org/product/7892840800604
EAN-7892840813130,7892840813130,Refrigerante cola pepsi lata 269ml,Pepsi,Refrigerantes,269 ML,UN,,,0,0,PRODUTO,SIM,CONFERIR EMBALAGEM,https://world.openfoodfacts.org/product/7892840813130
EAN-7892840820664,7892840820664,"Refrigerante cola zero açúcar pepsi black garrafa 1,5l",Pepsi,Refrigerantes,1.5 L,UN,,,0,0,PRODUTO,SIM,CONFERIR EMBALAGEM,https://world.openfoodfacts.org/product/7892840820664
EAN-7891991301671,7891991301671,Refrigerante cupuaçu guaraná antarctica lata 350ml,Guaraná Antarctica,Refrigerantes,350 ML,UN,,,0,0,PRODUTO,SIM,CONFERIR EMBALAGEM,https://world.openfoodfacts.org/product/7891991301671
EAN-7891991301633,7891991301633,Refrigerante erva mate guaraná antarctica lata 350ml,Guaraná Antarctica,Refrigerantes,350 ML,UN,,,0,0,PRODUTO,SIM,CONFERIR EMBALAGEM,https://world.openfoodfacts.org/product/7891991301633
EAN-7894900180022,7894900180022,Refrigerante ginger ale schweppes lata 220ml,Schweppes,Refrigerantes,220 ML,UN,,,0,0,PRODUTO,SIM,CONFERIR EMBALAGEM,https://world.openfoodfacts.org/product/7894900180022
EAN-7891991014861,7891991014861,Refrigerante guaraná antarctica garrafa 3l,Guaraná Antarctica,Refrigerantes,3 L,UN,,,0,0,PRODUTO,SIM,CONFERIR EMBALAGEM,https://world.openfoodfacts.org/product/7891991014861
EAN-7894900093278,7894900093278,"Refrigerante guaraná fanta garrafa 1,5l",Fanta,Refrigerantes,1.5 L,UN,,,0,0,PRODUTO,SIM,CONFERIR EMBALAGEM,https://world.openfoodfacts.org/product/7894900093278
EAN-7894900093056,7894900093056,Refrigerante guaraná fanta garrafa 2l,Fanta,Refrigerantes,2 L,UN,,,0,0,PRODUTO,SIM,CONFERIR EMBALAGEM,https://world.openfoodfacts.org/product/7894900093056
EAN-7894900093025,7894900093025,Refrigerante guaraná fanta lata 220ml,Fanta,Refrigerantes,220 ML,UN,,,0,0,PRODUTO,SIM,CONFERIR EMBALAGEM,https://world.openfoodfacts.org/product/7894900093025
EAN-7894900911510,7894900911510,Refrigerante guaraná kuat garrafa 2l,Kuat,Refrigerantes,2 L,UN,,,0,0,PRODUTO,SIM,CONFERIR EMBALAGEM,https://world.openfoodfacts.org/product/7894900911510
EAN-7894900911701,7894900911701,Refrigerante guaraná kuat garrafa 3l,Kuat,Refrigerantes,3 L,UN,,,0,0,PRODUTO,SIM,CONFERIR EMBALAGEM,https://world.openfoodfacts.org/product/7894900911701
EAN-7894900910391,7894900910391,Refrigerante guaraná kuat lata 220ml,Kuat,Refrigerantes,220 ML,UN,,,0,0,PRODUTO,SIM,CONFERIR EMBALAGEM,https://world.openfoodfacts.org/product/7894900910391
EAN-7894900094022,7894900094022,Refrigerante guaraná zero adição de açúcar fanta garrafa 2l,Fanta,Refrigerantes,2 L,UN,,,0,0,PRODUTO,SIM,CONFERIR EMBALAGEM,https://world.openfoodfacts.org/product/7894900094022
EAN-7894900031751,7894900031751,"Refrigerante laranja fanta garrafa 1,5l",Fanta,Refrigerantes,1.5 L,UN,,,0,0,PRODUTO,SIM,CONFERIR EMBALAGEM,https://world.openfoodfacts.org/product/7894900031751
EAN-7894900031591,7894900031591,"Refrigerante laranja fanta garrafa 2,5l embalagem econômica",Fanta,Refrigerantes,2.5 L,UN,,,0,0,PRODUTO,SIM,CONFERIR EMBALAGEM,https://world.openfoodfacts.org/product/7894900031591
EAN-7894900031515,7894900031515,Refrigerante laranja fanta garrafa 2l,Fanta,Refrigerantes,2 L,UN,,,0,0,PRODUTO,SIM,CONFERIR EMBALAGEM,https://world.openfoodfacts.org/product/7894900031515
EAN-7894900031706,7894900031706,Refrigerante laranja fanta garrafa 3l embalagem econômica,Fanta,Refrigerantes,3 L,UN,,,0,0,PRODUTO,SIM,CONFERIR EMBALAGEM,https://world.openfoodfacts.org/product/7894900031706
EAN-7894900033564,7894900033564,Refrigerante laranja fanta garrafa 500ml,Fanta,Refrigerantes,500 ML,UN,,,0,0,PRODUTO,SIM,CONFERIR EMBALAGEM,https://world.openfoodfacts.org/product/7894900033564
EAN-7894900031607,7894900031607,Refrigerante laranja fanta garrafa 600ml,Fanta,Refrigerantes,600 ML,UN,,,0,0,PRODUTO,SIM,CONFERIR EMBALAGEM,https://world.openfoodfacts.org/product/7894900031607
EAN-7894900030396,7894900030396,Refrigerante laranja fanta lata 220ml,Fanta,Refrigerantes,220 ML,UN,,,0,0,PRODUTO,SIM,CONFERIR EMBALAGEM,https://world.openfoodfacts.org/product/7894900030396
EAN-7894900031157,7894900031157,Refrigerante laranja fanta lata 310ml,Fanta,Refrigerantes,310 ML,UN,,,0,0,PRODUTO,SIM,CONFERIR EMBALAGEM,https://world.openfoodfacts.org/product/7894900031157
EAN-7894900030013,7894900030013,Refrigerante laranja fanta lata 350ml,Fanta,Refrigerantes,350 ML,UN,,,0,0,PRODUTO,SIM,CONFERIR EMBALAGEM,https://world.openfoodfacts.org/product/7894900030013
EAN-7894900151510,7894900151510,Refrigerante laranja zero adição de açúcar fanta garrafa 2l,Fanta,Refrigerantes,2 L,UN,,,0,0,PRODUTO,SIM,CONFERIR EMBALAGEM,https://world.openfoodfacts.org/product/7894900151510
EAN-7894900680522,7894900680522,"Refrigerante lemon fresh sprite garrafa 1,5l",Sprite,Refrigerantes,1.5 L,UN,,,0,0,PRODUTO,SIM,CONFERIR EMBALAGEM,https://world.openfoodfacts.org/product/7894900680522
EAN-7894900680553,7894900680553,Refrigerante lemon fresh sprite garrafa 600ml,Sprite,Refrigerantes,600 ML,UN,,,0,0,PRODUTO,SIM,CONFERIR EMBALAGEM,https://world.openfoodfacts.org/product/7894900680553
EAN-7894900680508,7894900680508,Refrigerante lemon fresh zero açúcar sprite garrafa 510ml,Sprite,Refrigerantes,510 ML,UN,,,0,0,PRODUTO,SIM,CONFERIR EMBALAGEM,https://world.openfoodfacts.org/product/7894900680508
EAN-7894900131154,7894900131154,Refrigerante light coca cola lata 310ml,Coca-Cola,Refrigerantes,310 ML,UN,,,0,0,PRODUTO,SIM,CONFERIR EMBALAGEM,https://world.openfoodfacts.org/product/7894900131154
EAN-7894900061512,7894900061512,Refrigerante limão sem açúcares sprite garrafa 2l,Sprite,Refrigerantes,2 L,UN,,,0,0,PRODUTO,SIM,CONFERIR EMBALAGEM,https://world.openfoodfacts.org/product/7894900061512
EAN-7894900681000,7894900681000,Refrigerante limão sprite garrafa 2l,Sprite,Refrigerantes,2 L,UN,,,0,0,PRODUTO,SIM,CONFERIR EMBALAGEM,https://world.openfoodfacts.org/product/7894900681000
EAN-7894900681178,7894900681178,Refrigerante limão sprite lata 220ml,Sprite,Refrigerantes,220 ML,UN,,,0,0,PRODUTO,SIM,CONFERIR EMBALAGEM,https://world.openfoodfacts.org/product/7894900681178
EAN-7894900681017,7894900681017,Refrigerante limão sprite lata 350ml,Sprite,Refrigerantes,350 ML,UN,,,0,0,PRODUTO,SIM,CONFERIR EMBALAGEM,https://world.openfoodfacts.org/product/7894900681017
EAN-7894900091014,7894900091014,Refrigerante maracujá fanta garrafa 2l,Fanta,Refrigerantes,2 L,UN,,,0,0,PRODUTO,SIM,CONFERIR EMBALAGEM,https://world.openfoodfacts.org/product/7894900091014
EAN-7894900091007,7894900091007,Refrigerante maracujá fanta lata 350ml,Fanta,Refrigerantes,350 ML,UN,,,0,0,PRODUTO,SIM,CONFERIR EMBALAGEM,https://world.openfoodfacts.org/product/7894900091007
EAN-7894900701609,7894900701609,Refrigerante sem açúcar coca cola garrafa 600ml,Coca-Cola,Refrigerantes,600 ML,UN,,,0,0,PRODUTO,SIM,CONFERIR EMBALAGEM,https://world.openfoodfacts.org/product/7894900701609
EAN-7894900701159,7894900701159,Refrigerante sem açúcar coca cola lata 310ml,Coca-Cola,Refrigerantes,310 ML,UN,,,0,0,PRODUTO,SIM,CONFERIR EMBALAGEM,https://world.openfoodfacts.org/product/7894900701159
EAN-7894900096002,7894900096002,Refrigerante tutti frutti fanta garrafa 2l,Fanta,Refrigerantes,2 L,UN,,,0,0,PRODUTO,SIM,CONFERIR EMBALAGEM,https://world.openfoodfacts.org/product/7894900096002
EAN-7891991301657,7891991301657,Refrigerante uva verde guaraná antarctica lata 350ml,Guaraná Antarctica,Refrigerantes,350 ML,UN,,,0,0,PRODUTO,SIM,CONFERIR EMBALAGEM,https://world.openfoodfacts.org/product/7891991301657
EAN-7894900010015,7894900010015,Coca cola lt 350ml,Coca-Cola,Refrigerantes,350 ML,UN,,,0,0,PRODUTO,SIM,CONFERIR EMBALAGEM,https://world.openfoodfacts.org/product/7894900010015
EAN-7894900049831,7894900049831,Fanta laranja zero lt 350 ml 6/1,Fanta,Refrigerantes,350 ML,UN,,,0,0,PRODUTO,SIM,CONFERIR EMBALAGEM,https://world.openfoodfacts.org/product/7894900049831
EAN-7894900051759,7894900051759,Fanta uva 1 5l,Fanta,Refrigerantes,5 L,UN,,,0,0,PRODUTO,SIM,CONFERIR EMBALAGEM,https://world.openfoodfacts.org/product/7894900051759
EAN-7894900027334,7894900027334,Kit refrigerante coca cola original fanta guaraná 2l cada leve mais pague menos,Coca-Cola,Refrigerantes,2 L,UN,,,0,0,PRODUTO,SIM,CONFERIR EMBALAGEM,https://world.openfoodfacts.org/product/7894900027334
EAN-7894900027327,7894900027327,Kit refrigerante coca cola original fanta laranja 2l cada,Coca-Cola,Refrigerantes,2 L,UN,,,0,0,PRODUTO,SIM,CONFERIR EMBALAGEM,https://world.openfoodfacts.org/product/7894900027327
EAN-7894900039061,7894900039061,Kit refrigerante coca cola original laranja fanta 2l cada leve mais pague menos,Coca-Cola,Refrigerantes,2 L,UN,,,0,0,PRODUTO,SIM,CONFERIR EMBALAGEM,https://world.openfoodfacts.org/product/7894900039061
EAN-7891991298254,7891991298254,Kit refrigerante guaraná antarctica cola pepsi 2l cada leve mais pague menos,Pepsi,Refrigerantes,2 L,UN,,,0,0,PRODUTO,SIM,CONFERIR EMBALAGEM,https://world.openfoodfacts.org/product/7891991298254
EAN-7894900012606,7894900012606,Pack refrigerante coca cola original garrafa 6 unidades 600ml cada leve mais pague menos,Coca-Cola,Refrigerantes,600 ML,UN,,,0,0,PRODUTO,SIM,CONFERIR EMBALAGEM,https://world.openfoodfacts.org/product/7894900012606
EAN-7894900702606,7894900702606,Pack refrigerante sem açúcar coca cola garrafa 6 unidades 600ml cada leve mais pague menos,Coca-Cola,Refrigerantes,600 ML,UN,,,0,0,PRODUTO,SIM,CONFERIR EMBALAGEM,https://world.openfoodfacts.org/product/7894900702606
EAN-7894900701326,7894900701326,Pack refrigerante sem açúcar coca cola lata 6 unidades 350ml cada leve mais pague menos,Coca-Cola,Refrigerantes,350 ML,UN,,,0,0,PRODUTO,SIM,CONFERIR EMBALAGEM,https://world.openfoodfacts.org/product/7894900701326
EAN-7892840800000,7892840800000,Refrigerante de cola pepsi 2l,Pepsi,Refrigerantes,2 L,UN,,,0,0,PRODUTO,SIM,CONFERIR EMBALAGEM,https://world.openfoodfacts.org/product/7892840800000
EAN-7892840800239,7892840800239,Refrigerante de cola pepsi 600ml,Pepsi,Refrigerantes,600 ML,UN,,,0,0,PRODUTO,SIM,CONFERIR EMBALAGEM,https://world.openfoodfacts.org/product/7892840800239
EAN-7897123886078,7897123886078,Água mineral soda com gás prata club soda garrafa 200ml,,Refrigerantes,200 ML,UN,,,0,0,PRODUTO,SIM,CONFERIR EMBALAGEM,https://world.openfoodfacts.org/product/7897123886078
EAN-7891991002646,7891991002646,Guaraná antarctica 600ml,Guaraná Antarctica,Refrigerantes,600 ML,UN,,,0,0,PRODUTO,SIM,CONFERIR EMBALAGEM,https://world.openfoodfacts.org/product/7891991002646
EAN-7894900094640,7894900094640,Kit 6 refrigerantes coca cola original 3 guaraná fanta 3 laranja fanta 200ml cada leve mais pague menos,Coca-Cola,Refrigerantes,200 ML,UN,,,0,0,PRODUTO,SIM,CONFERIR EMBALAGEM,https://world.openfoodfacts.org/product/7894900094640
EAN-7894900709063,7894900709063,Kit refrigerante coca cola original coca cola sem açúcar 2l cada leve mais pague menos,Coca-Cola,Refrigerantes,2 L,UN,,,0,0,PRODUTO,SIM,CONFERIR EMBALAGEM,https://world.openfoodfacts.org/product/7894900709063
EAN-7891991298247,7891991298247,Kit refrigerante guaraná antarctica limonada soda antarctica 2l cada leve mais pague menos,Guaraná Antarctica,Refrigerantes,2 L,UN,,,0,0,PRODUTO,SIM,CONFERIR EMBALAGEM,https://world.openfoodfacts.org/product/7891991298247
EAN-7891098041814,7891098041814,Refresco adoçado guaraná e açaí leão garrafa 450ml,,Refrigerantes,450 ML,UN,,,0,0,PRODUTO,SIM,CONFERIR EMBALAGEM,https://world.openfoodfacts.org/product/7891098041814
EAN-7622210569882,7622210569882,Refresco em pó guaraná fresh pacote 15g,,Refrigerantes,15 G,UN,,,0,0,PRODUTO,SIM,CONFERIR EMBALAGEM,https://world.openfoodfacts.org/product/7622210569882
EAN-7896490290631,7896490290631,Refresco em pó guaraná frisco pacote 25g,,Refrigerantes,25 G,UN,,,0,0,PRODUTO,SIM,CONFERIR EMBALAGEM,https://world.openfoodfacts.org/product/7896490290631
EAN-7891132082568,7891132082568,Refresco em pó guaraná mid pacote 20g,,Refrigerantes,20 G,UN,,,0,0,PRODUTO,SIM,CONFERIR EMBALAGEM,https://world.openfoodfacts.org/product/7891132082568
EAN-7897123886054,7897123886054,Refrigerante citrus prata garrafa 200ml,,Refrigerantes,200 ML,UN,,,0,0,PRODUTO,SIM,CONFERIR EMBALAGEM,https://world.openfoodfacts.org/product/7897123886054
EAN-7897123886023,7897123886023,Refrigerante citrus prata lata 269ml,,Refrigerantes,269 ML,UN,,,0,0,PRODUTO,SIM,CONFERIR EMBALAGEM,https://world.openfoodfacts.org/product/7897123886023
EAN-7898950338440,7898950338440,Refrigerante cola zero açúcar zero sódio wewi garrafa 255ml,,Refrigerantes,255 ML,UN,,,0,0,PRODUTO,SIM,CONFERIR EMBALAGEM,https://world.openfoodfacts.org/product/7898950338440
EAN-7897123886108,7897123886108,Refrigerante ginger prata garrafa 200ml,,Refrigerantes,200 ML,UN,,,0,0,PRODUTO,SIM,CONFERIR EMBALAGEM,https://world.openfoodfacts.org/product/7897123886108
EAN-7897123886115,7897123886115,Refrigerante ginger prata lata 269ml,,Refrigerantes,269 ML,UN,,,0,0,PRODUTO,SIM,CONFERIR EMBALAGEM,https://world.openfoodfacts.org/product/7897123886115
EAN-7891991016124,7891991016124,Refrigerante guaraná zero açúcar antarctica garrafa 200ml,,Refrigerantes,200 ML,UN,,,0,0,PRODUTO,SIM,CONFERIR EMBALAGEM,https://world.openfoodfacts.org/product/7891991016124
EAN-7898950338402,7898950338402,Refrigerante guaraná zero açúcar wewi garrafa 255ml,,Refrigerantes,255 ML,UN,,,0,0,PRODUTO,SIM,CONFERIR EMBALAGEM,https://world.openfoodfacts.org/product/7898950338402
EAN-7898950338112,7898950338112,Refrigerante guaraná zero açúcar zero sódio wewi lata 350ml,,Refrigerantes,350 ML,UN,,,0,0,PRODUTO,SIM,CONFERIR EMBALAGEM,https://world.openfoodfacts.org/product/7898950338112
EAN-7896052607129,7896052607129,Refrigerante laranja pera fys lata 350ml,,Refrigerantes,350 ML,UN,,,0,0,PRODUTO,SIM,CONFERIR EMBALAGEM,https://world.openfoodfacts.org/product/7896052607129
EAN-7891149108282,7891149108282,Refrigerante laranja sukita garrafa 200ml,,Refrigerantes,200 ML,UN,,,0,0,PRODUTO,SIM,CONFERIR EMBALAGEM,https://world.openfoodfacts.org/product/7891149108282
EAN-7896052607167,7896052607167,Refrigerante limão siciliano fys lata 350ml,,Refrigerantes,350 ML,UN,,,0,0,PRODUTO,SIM,CONFERIR EMBALAGEM,https://world.openfoodfacts.org/product/7896052607167
EAN-7891991297172,7891991297172,Refrigerante limão sukita garrafa 2l,,Refrigerantes,2 L,UN,,,0,0,PRODUTO,SIM,CONFERIR EMBALAGEM,https://world.openfoodfacts.org/product/7891991297172
EAN-7891991014984,7891991014984,Refrigerante limonada soda antarctica garrafa 200ml,,Refrigerantes,200 ML,UN,,,0,0,PRODUTO,SIM,CONFERIR EMBALAGEM,https://world.openfoodfacts.org/product/7891991014984
EAN-7898950338433,7898950338433,Refrigerante orgânico cola zero sódio wewi garrafa 255ml,,Refrigerantes,255 ML,UN,,,0,0,PRODUTO,SIM,CONFERIR EMBALAGEM,https://world.openfoodfacts.org/product/7898950338433
EAN-7898950338068,7898950338068,Refrigerante orgânico cola zero sódio wewi lata 350ml,,Refrigerantes,350 ML,UN,,,0,0,PRODUTO,SIM,CONFERIR EMBALAGEM,https://world.openfoodfacts.org/product/7898950338068
EAN-7898950338396,7898950338396,Refrigerante orgânico guaraná zero sódio wewi garrafa 255ml,,Refrigerantes,255 ML,UN,,,0,0,PRODUTO,SIM,CONFERIR EMBALAGEM,https://world.openfoodfacts.org/product/7898950338396
EAN-7898950338419,7898950338419,Refrigerante orgânico laranja zero sódio wewi garrafa 255ml,,Refrigerantes,255 ML,UN,,,0,0,PRODUTO,SIM,CONFERIR EMBALAGEM,https://world.openfoodfacts.org/product/7898950338419
EAN-7898950338044,7898950338044,Refrigerante orgânico laranja zero sódio wewi lata 350ml,,Refrigerantes,350 ML,UN,,,0,0,PRODUTO,SIM,CONFERIR EMBALAGEM,https://world.openfoodfacts.org/product/7898950338044
EAN-7898950338471,7898950338471,Refrigerante orgânico lemon sour zero sódio wewi garrafa 255ml,,Refrigerantes,255 ML,UN,,,0,0,PRODUTO,SIM,CONFERIR EMBALAGEM,https://world.openfoodfacts.org/product/7898950338471
EAN-7898950338488,7898950338488,Refrigerante orgânico mate zero sódio wewi tea soda garrafa 255ml,,Refrigerantes,255 ML,UN,,,0,0,PRODUTO,SIM,CONFERIR EMBALAGEM,https://world.openfoodfacts.org/product/7898950338488
EAN-7897123885965,7897123885965,Refrigerante pink lemonade prata garrafa 200ml,,Refrigerantes,200 ML,UN,,,0,0,PRODUTO,SIM,CONFERIR EMBALAGEM,https://world.openfoodfacts.org/product/7897123885965
EAN-7897123886085,7897123886085,Refrigerante soda prata club soda lata 269ml,,Refrigerantes,269 ML,UN,,,0,0,PRODUTO,SIM,CONFERIR EMBALAGEM,https://world.openfoodfacts.org/product/7897123886085
EAN-7891991300810,7891991300810,Refrigerante tubaína sukita garrafa 2l,,Refrigerantes,2 L,UN,,,0,0,PRODUTO,SIM,CONFERIR EMBALAGEM,https://world.openfoodfacts.org/product/7891991300810
EAN-7896052603497,7896052603497,Refrigerante tutti frutti itubaína original garrafa 355ml,,Refrigerantes,355 ML,UN,,,0,0,PRODUTO,SIM,CONFERIR EMBALAGEM,https://world.openfoodfacts.org/product/7896052603497
EAN-7896052604975,7896052604975,Refrigerante tutti frutti itubaína retrô lata 350ml,,Refrigerantes,350 ML,UN,,,0,0,PRODUTO,SIM,CONFERIR EMBALAGEM,https://world.openfoodfacts.org/product/7896052604975
EAN-7891991298674,7891991298674,Refrigerante uva sukita garrafa 200ml,,Refrigerantes,200 ML,UN,,,0,0,PRODUTO,SIM,CONFERIR EMBALAGEM,https://world.openfoodfacts.org/product/7891991298674
EAN-7894900033632,7894900033632,Fanta laranja garrafa pet,Fanta,Refrigerantes,,UN,,,0,0,PRODUTO,SIM,CONFERIR EMBALAGEM,https://world.openfoodfacts.org/product/7894900033632
EAN-7892840802745,7892840802745,Pepsi twist lata,Pepsi,Refrigerantes,,UN,,,0,0,PRODUTO,SIM,CONFERIR EMBALAGEM,https://world.openfoodfacts.org/product/7892840802745
EAN-7896519298099,7896519298099,Açaí com guaraná de marchi sport pote 910g,,Refrigerantes,910 G,UN,,,0,0,PRODUTO,SIM,CONFERIR EMBALAGEM,https://world.openfoodfacts.org/product/7896519298099
EAN-7896519298297,7896519298297,Açaí com guaraná e banana de marchi sport pote 910g,,Refrigerantes,910 G,UN,,,0,0,PRODUTO,SIM,CONFERIR EMBALAGEM,https://world.openfoodfacts.org/product/7896519298297
EAN-7898922437140,7898922437140,Açaí com guaraná e granola orgânico banana sambazon pote 200ml,,Refrigerantes,200 ML,UN,,,0,0,PRODUTO,SIM,CONFERIR EMBALAGEM,https://world.openfoodfacts.org/product/7898922437140
EAN-7898922437164,7898922437164,Açaí com guaraná e granola orgânico original sambazon pote 200ml,,Refrigerantes,200 ML,UN,,,0,0,PRODUTO,SIM,CONFERIR EMBALAGEM,https://world.openfoodfacts.org/product/7898922437164
EAN-7896519298198,7896519298198,Açaí com guaraná e morango de marchi sport pote 910g,,Refrigerantes,910 G,UN,,,0,0,PRODUTO,SIM,CONFERIR EMBALAGEM,https://world.openfoodfacts.org/product/7896519298198
EAN-7898922437126,7898922437126,Açaí com guaraná orgânico banana sambazon pote 900ml,,Refrigerantes,900 ML,UN,,,0,0,PRODUTO,SIM,CONFERIR EMBALAGEM,https://world.openfoodfacts.org/product/7898922437126
EAN-7898922437072,7898922437072,Açaí com guaraná orgânico sambazon pote 900ml,,Refrigerantes,900 ML,UN,,,0,0,PRODUTO,SIM,CONFERIR EMBALAGEM,https://world.openfoodfacts.org/product/7898922437072
EAN-7891098042187,7891098042187,Chá açaí e guaraná leão caixa 20g 10 unidades,,Refrigerantes,20 G,UN,,,0,0,PRODUTO,SIM,CONFERIR EMBALAGEM,https://world.openfoodfacts.org/product/7891098042187
EAN-7891098041685,7891098041685,Chá mate guaraná leão recarrega caixa 16g 10 unidades,,Refrigerantes,16 G,UN,,,0,0,PRODUTO,SIM,CONFERIR EMBALAGEM,https://world.openfoodfacts.org/product/7891098041685
EAN-7898036493018,7898036493018,"Sorbet açaí com guaraná fuzzy pote 1,5l",,Refrigerantes,1.5 L,UN,,,0,0,PRODUTO,SIM,CONFERIR EMBALAGEM,https://world.openfoodfacts.org/product/7898036493018
EAN-7892840808013,7892840808013,Isotônico frutas cítricas gatorade garrafa 500ml,Gatorade,"Águas, sucos e isotônicos",500 ML,UN,,,0,0,PRODUTO,SIM,CONFERIR EMBALAGEM,https://world.openfoodfacts.org/product/7892840808013
EAN-7892840808020,7892840808020,Isotônico laranja gatorade garrafa 500ml,Gatorade,"Águas, sucos e isotônicos",500 ML,UN,,,0,0,PRODUTO,SIM,CONFERIR EMBALAGEM,https://world.openfoodfacts.org/product/7892840808020
EAN-7892840808037,7892840808037,Isotônico limão gatorade garrafa 500ml,Gatorade,"Águas, sucos e isotônicos",500 ML,UN,,,0,0,PRODUTO,SIM,CONFERIR EMBALAGEM,https://world.openfoodfacts.org/product/7892840808037
EAN-7892840808051,7892840808051,Isotônico uva gatorade garrafa 500ml,Gatorade,"Águas, sucos e isotônicos",500 ML,UN,,,0,0,PRODUTO,SIM,CONFERIR EMBALAGEM,https://world.openfoodfacts.org/product/7892840808051
EAN-7898965716127,7898965716127,"Suco integral maçã com hibisco, canela gengibre villa piva garrafa 1l",Bis,"Águas, sucos e isotônicos",1 L,UN,,,0,0,PRODUTO,SIM,CONFERIR EMBALAGEM,https://world.openfoodfacts.org/product/7898965716127
EAN-7898965716158,7898965716158,"Suco integral maçã com hibisco, canela gengibre villa piva garrafa 300ml",Bis,"Águas, sucos e isotônicos",300 ML,UN,,,0,0,PRODUTO,SIM,CONFERIR EMBALAGEM,https://world.openfoodfacts.org/product/7898965716158
EAN-7891098041203,7891098041203,Chá mate hibisco cereja chá leão senses caixa 20g 10 unidades,Bis,"Águas, sucos e isotônicos",20 G,UN,,,0,0,PRODUTO,SIM,CONFERIR EMBALAGEM,https://world.openfoodfacts.org/product/7891098041203
EAN-7894900113563,7894900113563,Isotônico limão i9 powerade squeeze 500ml,Powerade,"Águas, sucos e isotônicos",500 ML,UN,,,0,0,PRODUTO,SIM,CONFERIR EMBALAGEM,https://world.openfoodfacts.org/product/7894900113563
EAN-7894900504002,7894900504002,Isotônico mix de frutas fifa world cup qatar 2022 powerade squeeze 500ml,Powerade,"Águas, sucos e isotônicos",500 ML,UN,,,0,0,PRODUTO,SIM,CONFERIR EMBALAGEM,https://world.openfoodfacts.org/product/7894900504002
EAN-7892840808174,7892840808174,Isotônico sabor morango e maracujá gatorade 500ml,Gatorade,"Águas, sucos e isotônicos",500 ML,UN,,,0,0,PRODUTO,SIM,CONFERIR EMBALAGEM,https://world.openfoodfacts.org/product/7892840808174
EAN-7894900123562,7894900123562,Isotônico tangerina i9 powerade squeeze 500ml,Powerade,"Águas, sucos e isotônicos",500 ML,UN,,,0,0,PRODUTO,SIM,CONFERIR EMBALAGEM,https://world.openfoodfacts.org/product/7894900123562
EAN-7894900501001,7894900501001,Isotônico uva fifa world cup qatar 2022 powerade squeeze 500ml,Powerade,"Águas, sucos e isotônicos",500 ML,UN,,,0,0,PRODUTO,SIM,CONFERIR EMBALAGEM,https://world.openfoodfacts.org/product/7894900501001
EAN-7894900110005,7894900110005,Isotônico uva verde i9 powerade squeeze 500ml,Powerade,"Águas, sucos e isotônicos",500 ML,UN,,,0,0,PRODUTO,SIM,CONFERIR EMBALAGEM,https://world.openfoodfacts.org/product/7894900110005
EAN-7898965716226,7898965716226,Água de coco esterilizada integral villa piva garrafa 1l,,"Águas, sucos e isotônicos",1 L,UN,,,0,0,PRODUTO,SIM,CONFERIR EMBALAGEM,https://world.openfoodfacts.org/product/7898965716226
EAN-7898965716233,7898965716233,Água de coco esterilizada integral villa piva garrafa 300ml,,"Águas, sucos e isotônicos",300 ML,UN,,,0,0,PRODUTO,SIM,CONFERIR EMBALAGEM,https://world.openfoodfacts.org/product/7898965716233
EAN-7896931614910,7896931614910,Água de coco integral campo largo garrafa 900ml,,"Águas, sucos e isotônicos",900 ML,UN,,,0,0,PRODUTO,SIM,CONFERIR EMBALAGEM,https://world.openfoodfacts.org/product/7896931614910
EAN-7898965685034,7898965685034,Chá mate com gás cafeína natural baer mate lata 269ml,,"Águas, sucos e isotônicos",269 ML,UN,,,0,0,PRODUTO,SIM,CONFERIR EMBALAGEM,https://world.openfoodfacts.org/product/7898965685034
EAN-7891098041647,7891098041647,Chá mate com gás limão leão lata 290ml,,"Águas, sucos e isotônicos",290 ML,UN,,,0,0,PRODUTO,SIM,CONFERIR EMBALAGEM,https://world.openfoodfacts.org/product/7891098041647
EAN-7898965716172,7898965716172,Chá mate hortelã villa piva garrafa 1l,,"Águas, sucos e isotônicos",1 L,UN,,,0,0,PRODUTO,SIM,CONFERIR EMBALAGEM,https://world.openfoodfacts.org/product/7898965716172
EAN-7898965716196,7898965716196,Chá mate hortelã villa piva garrafa 300ml,,"Águas, sucos e isotônicos",300 ML,UN,,,0,0,PRODUTO,SIM,CONFERIR EMBALAGEM,https://world.openfoodfacts.org/product/7898965716196
EAN-7898952578608,7898952578608,Chá mate ice tea limão bebah garrafa 900ml,,"Águas, sucos e isotônicos",900 ML,UN,,,0,0,PRODUTO,SIM,CONFERIR EMBALAGEM,https://world.openfoodfacts.org/product/7898952578608
EAN-7891098040749,7891098040749,Chá mate limão matte leão garrafa 450ml,,"Águas, sucos e isotônicos",450 ML,UN,,,0,0,PRODUTO,SIM,CONFERIR EMBALAGEM,https://world.openfoodfacts.org/product/7891098040749
EAN-7891098040596,7891098040596,"Chá mate limão matte leão zero garrafa 1,5l",,"Águas, sucos e isotônicos",1.5 L,UN,,,0,0,PRODUTO,SIM,CONFERIR EMBALAGEM,https://world.openfoodfacts.org/product/7891098040596
EAN-7896931614453,7896931614453,Chá mate orgânico limão campo largo garrafa 250ml,,"Águas, sucos e isotônicos",250 ML,UN,,,0,0,PRODUTO,SIM,CONFERIR EMBALAGEM,https://world.openfoodfacts.org/product/7896931614453
EAN-7891098040688,7891098040688,Chá mate original matte leão garrafa 450ml,,"Águas, sucos e isotônicos",450 ML,UN,,,0,0,PRODUTO,SIM,CONFERIR EMBALAGEM,https://world.openfoodfacts.org/product/7891098040688
EAN-7891098040572,7891098040572,"Chá mate original matte leão zero garrafa 1,5l",,"Águas, sucos e isotônicos",1.5 L,UN,,,0,0,PRODUTO,SIM,CONFERIR EMBALAGEM,https://world.openfoodfacts.org/product/7891098040572
EAN-7891098040602,7891098040602,"Chá mate pêssego matte leão garrafa 1,5l",,"Águas, sucos e isotônicos",1.5 L,UN,,,0,0,PRODUTO,SIM,CONFERIR EMBALAGEM,https://world.openfoodfacts.org/product/7891098040602
EAN-7894900660319,7894900660319,Néctar pêssego del valle lata 290ml,,"Águas, sucos e isotônicos",290 ML,UN,,,0,0,PRODUTO,SIM,CONFERIR EMBALAGEM,https://world.openfoodfacts.org/product/7894900660319
EAN-7896000557056,7896000557056,Suco concentrado abacaxi maguary garrafa 500ml,,"Águas, sucos e isotônicos",500 ML,UN,,,0,0,PRODUTO,SIM,CONFERIR EMBALAGEM,https://world.openfoodfacts.org/product/7896000557056
EAN-7896000554369,7896000554369,Suco concentrado caju maguary garrafa 500ml,,"Águas, sucos e isotônicos",500 ML,UN,,,0,0,PRODUTO,SIM,CONFERIR EMBALAGEM,https://world.openfoodfacts.org/product/7896000554369
EAN-7896005311257,7896005311257,Suco concentrado caju tial garrafa 1l,,"Águas, sucos e isotônicos",1 L,UN,,,0,0,PRODUTO,SIM,CONFERIR EMBALAGEM,https://world.openfoodfacts.org/product/7896005311257
EAN-7896005311202,7896005311202,Suco concentrado caju tial garrafa 500ml,,"Águas, sucos e isotônicos",500 ML,UN,,,0,0,PRODUTO,SIM,CONFERIR EMBALAGEM,https://world.openfoodfacts.org/product/7896005311202
EAN-7896024102041,7896024102041,Suco concentrado laranja jal garrafa 625ml,,"Águas, sucos e isotônicos",625 ML,UN,,,0,0,PRODUTO,SIM,CONFERIR EMBALAGEM,https://world.openfoodfacts.org/product/7896024102041
EAN-7896000550064,7896000550064,Suco concentrado laranja maguary garrafa 500ml,,"Águas, sucos e isotônicos",500 ML,UN,,,0,0,PRODUTO,SIM,CONFERIR EMBALAGEM,https://world.openfoodfacts.org/product/7896000550064
EAN-7896005311240,7896005311240,Suco concentrado maracujá tial garrafa 1l,,"Águas, sucos e isotônicos",1 L,UN,,,0,0,PRODUTO,SIM,CONFERIR EMBALAGEM,https://world.openfoodfacts.org/product/7896005311240
EAN-7896005311219,7896005311219,Suco concentrado maracujá tial garrafa 500ml,,"Águas, sucos e isotônicos",500 ML,UN,,,0,0,PRODUTO,SIM,CONFERIR EMBALAGEM,https://world.openfoodfacts.org/product/7896005311219
EAN-7896237903152,7896237903152,Suco concentrado tomate raiola garrafa 500ml,,"Águas, sucos e isotônicos",500 ML,UN,,,0,0,PRODUTO,SIM,CONFERIR EMBALAGEM,https://world.openfoodfacts.org/product/7896237903152
EAN-7896000556066,7896000556066,Suco concentrado uva maguary garrafa 500ml,,"Águas, sucos e isotônicos",500 ML,UN,,,0,0,PRODUTO,SIM,CONFERIR EMBALAGEM,https://world.openfoodfacts.org/product/7896000556066
EAN-7891141035197,7891141035197,Suco gaseificado integral uva tinto aurora lata 269ml,,"Águas, sucos e isotônicos",269 ML,UN,,,0,0,PRODUTO,SIM,CONFERIR EMBALAGEM,https://world.openfoodfacts.org/product/7891141035197
EAN-7897372187568,7897372187568,Suco goiaba zero açúcar sim. garrafa 1l,,"Águas, sucos e isotônicos",1 L,UN,,,0,0,PRODUTO,SIM,CONFERIR EMBALAGEM,https://world.openfoodfacts.org/product/7897372187568
EAN-7896931614156,7896931614156,Suco integral laranja campo largo garrafa 250ml,,"Águas, sucos e isotônicos",250 ML,UN,,,0,0,PRODUTO,SIM,CONFERIR EMBALAGEM,https://world.openfoodfacts.org/product/7896931614156
EAN-7896931614163,7896931614163,Suco integral laranja campo largo garrafa 900ml,,"Águas, sucos e isotônicos",900 ML,UN,,,0,0,PRODUTO,SIM,CONFERIR EMBALAGEM,https://world.openfoodfacts.org/product/7896931614163
EAN-7896229800841,7896229800841,"Suco integral laranja fazenda bela vista garrafa 1,5l",,"Águas, sucos e isotônicos",1.5 L,UN,,,0,0,PRODUTO,SIM,CONFERIR EMBALAGEM,https://world.openfoodfacts.org/product/7896229800841
EAN-7896229800810,7896229800810,Suco integral laranja fazenda bela vista garrafa 300ml,,"Águas, sucos e isotônicos",300 ML,UN,,,0,0,PRODUTO,SIM,CONFERIR EMBALAGEM,https://world.openfoodfacts.org/product/7896229800810
EAN-7899916900503,7899916900503,"Suco integral laranja natural one refrigerado garrafa 1,5l",,"Águas, sucos e isotônicos",1.5 L,UN,,,0,0,PRODUTO,SIM,CONFERIR EMBALAGEM,https://world.openfoodfacts.org/product/7899916900503
EAN-7899916906000,7899916906000,Suco integral laranja natural one refrigerado garrafa 180ml,,"Águas, sucos e isotônicos",180 ML,UN,,,0,0,PRODUTO,SIM,CONFERIR EMBALAGEM,https://world.openfoodfacts.org/product/7899916906000
EAN-7899916900329,7899916900329,Suco integral laranja natural one refrigerado garrafa 300ml,,"Águas, sucos e isotônicos",300 ML,UN,,,0,0,PRODUTO,SIM,CONFERIR EMBALAGEM,https://world.openfoodfacts.org/product/7899916900329
EAN-7898553442933,7898553442933,Suco integral laranja natural one refrigerado garrafa 900ml,,"Águas, sucos e isotônicos",900 ML,UN,,,0,0,PRODUTO,SIM,CONFERIR EMBALAGEM,https://world.openfoodfacts.org/product/7898553442933
EAN-7896623100714,7896623100714,"Suco integral laranja xandô garrafa 1,5l",,"Águas, sucos e isotônicos",1.5 L,UN,,,0,0,PRODUTO,SIM,CONFERIR EMBALAGEM,https://world.openfoodfacts.org/product/7896623100714
EAN-7896623100042,7896623100042,Suco integral laranja xandô garrafa 300ml,,"Águas, sucos e isotônicos",300 ML,UN,,,0,0,PRODUTO,SIM,CONFERIR EMBALAGEM,https://world.openfoodfacts.org/product/7896623100042
EAN-7896623100509,7896623100509,Suco integral laranja xandô garrafa 900ml,,"Águas, sucos e isotônicos",900 ML,UN,,,0,0,PRODUTO,SIM,CONFERIR EMBALAGEM,https://world.openfoodfacts.org/product/7896623100509
EAN-7896931614194,7896931614194,Suco integral maçã campo largo garrafa 900ml,,"Águas, sucos e isotônicos",900 ML,UN,,,0,0,PRODUTO,SIM,CONFERIR EMBALAGEM,https://world.openfoodfacts.org/product/7896931614194
EAN-7899916905980,7899916905980,Suco integral maçã natural one refrigerado garrafa 180ml,,"Águas, sucos e isotônicos",180 ML,UN,,,0,0,PRODUTO,SIM,CONFERIR EMBALAGEM,https://world.openfoodfacts.org/product/7899916905980
EAN-7898553442940,7898553442940,Suco integral maçã natural one refrigerado garrafa 900ml,,"Águas, sucos e isotônicos",900 ML,UN,,,0,0,PRODUTO,SIM,CONFERIR EMBALAGEM,https://world.openfoodfacts.org/product/7898553442940
EAN-7898965716073,7898965716073,Suco integral maçã villa piva garrafa 1l,,"Águas, sucos e isotônicos",1 L,UN,,,0,0,PRODUTO,SIM,CONFERIR EMBALAGEM,https://world.openfoodfacts.org/product/7898965716073
EAN-7898965716042,7898965716042,Suco integral maçã villa piva garrafa 300ml,,"Águas, sucos e isotônicos",300 ML,UN,,,0,0,PRODUTO,SIM,CONFERIR EMBALAGEM,https://world.openfoodfacts.org/product/7898965716042
EAN-7891141033971,7891141033971,Suco integral orgânico uva tinto aurora garrafa 1l,,"Águas, sucos e isotônicos",1 L,UN,,,0,0,PRODUTO,SIM,CONFERIR EMBALAGEM,https://world.openfoodfacts.org/product/7891141033971
EAN-7896034301632,7896034301632,Suco integral orgânico uva tinto da casa garrafa 1l,,"Águas, sucos e isotônicos",1 L,UN,,,0,0,PRODUTO,SIM,CONFERIR EMBALAGEM,https://world.openfoodfacts.org/product/7896034301632
EAN-7898097891143,7898097891143,Suco integral orgânico uva uvasó garrafa 1l,,"Águas, sucos e isotônicos",1 L,UN,,,0,0,PRODUTO,SIM,CONFERIR EMBALAGEM,https://world.openfoodfacts.org/product/7898097891143
EAN-7898097891112,7898097891112,Suco integral orgânico uva uvasó garrafa 300ml,,"Águas, sucos e isotônicos",300 ML,UN,,,0,0,PRODUTO,SIM,CONFERIR EMBALAGEM,https://world.openfoodfacts.org/product/7898097891112
EAN-7898965716110,7898965716110,Suco integral tangerina com capim cidreira villa piva garrafa 1l,,"Águas, sucos e isotônicos",1 L,UN,,,0,0,PRODUTO,SIM,CONFERIR EMBALAGEM,https://world.openfoodfacts.org/product/7898965716110
EAN-7898965716141,7898965716141,Suco integral tangerina com capim cidreira villa piva garrafa 300ml,,"Águas, sucos e isotônicos",300 ML,UN,,,0,0,PRODUTO,SIM,CONFERIR EMBALAGEM,https://world.openfoodfacts.org/product/7898965716141
EAN-7898965716059,7898965716059,Suco integral tangerina villa piva garrafa 300ml,,"Águas, sucos e isotônicos",300 ML,UN,,,0,0,PRODUTO,SIM,CONFERIR EMBALAGEM,https://world.openfoodfacts.org/product/7898965716059
EAN-7896623100707,7896623100707,Suco integral tangerina xandô garrafa 900ml,,"Águas, sucos e isotônicos",900 ML,UN,,,0,0,PRODUTO,SIM,CONFERIR EMBALAGEM,https://world.openfoodfacts.org/product/7896623100707
EAN-7891141025570,7891141025570,"Suco integral uva branco aurora garrafa 1,5l",,"Águas, sucos e isotônicos",1.5 L,UN,,,0,0,PRODUTO,SIM,CONFERIR EMBALAGEM,https://world.openfoodfacts.org/product/7891141025570
EAN-7891141023910,7891141023910,Suco integral uva casa de bento garrafa 1l,,"Águas, sucos e isotônicos",1 L,UN,,,0,0,PRODUTO,SIM,CONFERIR EMBALAGEM,https://world.openfoodfacts.org/product/7891141023910
EAN-7898952578196,7898952578196,"Suco integral uva tinto bebah garrafa 1,5l",,"Águas, sucos e isotônicos",1.5 L,UN,,,0,0,PRODUTO,SIM,CONFERIR EMBALAGEM,https://world.openfoodfacts.org/product/7898952578196
EAN-7896931614125,7896931614125,Suco integral uva tinto campo largo garrafa 250ml,,"Águas, sucos e isotônicos",250 ML,UN,,,0,0,PRODUTO,SIM,CONFERIR EMBALAGEM,https://world.openfoodfacts.org/product/7896931614125
EAN-7896931614132,7896931614132,Suco integral uva tinto campo largo garrafa 900ml,,"Águas, sucos e isotônicos",900 ML,UN,,,0,0,PRODUTO,SIM,CONFERIR EMBALAGEM,https://world.openfoodfacts.org/product/7896931614132
EAN-7898965716103,7898965716103,Suco integral uva tinto com hortelã villa piva garrafa 1l,,"Águas, sucos e isotônicos",1 L,UN,,,0,0,PRODUTO,SIM,CONFERIR EMBALAGEM,https://world.openfoodfacts.org/product/7898965716103
EAN-7898965716097,7898965716097,Suco integral uva tinto villa piva garrafa 1l,,"Águas, sucos e isotônicos",1 L,UN,,,0,0,PRODUTO,SIM,CONFERIR EMBALAGEM,https://world.openfoodfacts.org/product/7898965716097
EAN-7898965716035,7898965716035,Suco integral uva tinto villa piva garrafa 300ml,,"Águas, sucos e isotônicos",300 ML,UN,,,0,0,PRODUTO,SIM,CONFERIR EMBALAGEM,https://world.openfoodfacts.org/product/7898965716035
EAN-7896623100615,7896623100615,"Suco laranja, abacaxi, cenoura e gengibre xandô garrafa 900ml",,"Águas, sucos e isotônicos",900 ML,UN,,,0,0,PRODUTO,SIM,CONFERIR EMBALAGEM,https://world.openfoodfacts.org/product/7896623100615
EAN-7894900558005,7894900558005,Suco laranja del valle fresh garrafa 250ml,,"Águas, sucos e isotônicos",250 ML,UN,,,0,0,PRODUTO,SIM,CONFERIR EMBALAGEM,https://world.openfoodfacts.org/product/7894900558005
EAN-7896024102010,7896024102010,Suco laranja jal garrafa 625ml,,"Águas, sucos e isotônicos",625 ML,UN,,,0,0,PRODUTO,SIM,CONFERIR EMBALAGEM,https://world.openfoodfacts.org/product/7896024102010
EAN-7899916906017,7899916906017,Suco laranja natural one ambiente garrafa 180ml,,"Águas, sucos e isotônicos",180 ML,UN,,,0,0,PRODUTO,SIM,CONFERIR EMBALAGEM,https://world.openfoodfacts.org/product/7899916906017
EAN-7899916904617,7899916904617,Suco laranja natural one ambiente garrafa 300ml,,"Águas, sucos e isotônicos",300 ML,UN,,,0,0,PRODUTO,SIM,CONFERIR EMBALAGEM,https://world.openfoodfacts.org/product/7899916904617
EAN-7899916904778,7899916904778,Suco laranja natural one ambiente garrafa 900ml,,"Águas, sucos e isotônicos",900 ML,UN,,,0,0,PRODUTO,SIM,CONFERIR EMBALAGEM,https://world.openfoodfacts.org/product/7899916904778
EAN-7898553442957,7898553442957,Suco limonada natural one refrigerado garrafa 900ml,,"Águas, sucos e isotônicos",900 ML,UN,,,0,0,PRODUTO,SIM,CONFERIR EMBALAGEM,https://world.openfoodfacts.org/product/7898553442957
EAN-7896623100660,7896623100660,Suco limonada siciliana xandô garrafa 300ml,,"Águas, sucos e isotônicos",300 ML,UN,,,0,0,PRODUTO,SIM,CONFERIR EMBALAGEM,https://world.openfoodfacts.org/product/7896623100660
EAN-7894900612073,7894900612073,"Suco maçã del valle garrafa 1,5l",,"Águas, sucos e isotônicos",1.5 L,UN,,,0,0,PRODUTO,SIM,CONFERIR EMBALAGEM,https://world.openfoodfacts.org/product/7894900612073
EAN-7899916904815,7899916904815,Suco maçã natural one ambiente garrafa 900ml,,"Águas, sucos e isotônicos",900 ML,UN,,,0,0,PRODUTO,SIM,CONFERIR EMBALAGEM,https://world.openfoodfacts.org/product/7899916904815
EAN-7898553443862,7898553443862,Suco manga natural one refrigerado garrafa 900ml,,"Águas, sucos e isotônicos",900 ML,UN,,,0,0,PRODUTO,SIM,CONFERIR EMBALAGEM,https://world.openfoodfacts.org/product/7898553443862
EAN-7899916912902,7899916912902,Suco pêssego natural one ambiente garrafa 900ml,,"Águas, sucos e isotônicos",900 ML,UN,,,0,0,PRODUTO,SIM,CONFERIR EMBALAGEM,https://world.openfoodfacts.org/product/7899916912902
EAN-7896024102003,7896024102003,Suco tangerina jal garrafa 625ml,,"Águas, sucos e isotônicos",625 ML,UN,,,0,0,PRODUTO,SIM,CONFERIR EMBALAGEM,https://world.openfoodfacts.org/product/7896024102003
EAN-7896623100868,7896623100868,Suco tangerina xandô garrafa 900ml,,"Águas, sucos e isotônicos",900 ML,UN,,,0,0,PRODUTO,SIM,CONFERIR EMBALAGEM,https://world.openfoodfacts.org/product/7896623100868
EAN-7898965716325,7898965716325,Suco tomate villa piva garrafa 1l,,"Águas, sucos e isotônicos",1 L,UN,,,0,0,PRODUTO,SIM,CONFERIR EMBALAGEM,https://world.openfoodfacts.org/product/7898965716325
EAN-7898965716332,7898965716332,Suco tomate villa piva garrafa 300ml,,"Águas, sucos e isotônicos",300 ML,UN,,,0,0,PRODUTO,SIM,CONFERIR EMBALAGEM,https://world.openfoodfacts.org/product/7898965716332
EAN-7894900611076,7894900611076,"Suco uva del valle garrafa 1,5l",,"Águas, sucos e isotônicos",1.5 L,UN,,,0,0,PRODUTO,SIM,CONFERIR EMBALAGEM,https://world.openfoodfacts.org/product/7894900611076
EAN-7899916904877,7899916904877,"Suco uva e maçã natural one ambiente garrafa 1,5l",,"Águas, sucos e isotônicos",1.5 L,UN,,,0,0,PRODUTO,SIM,CONFERIR EMBALAGEM,https://world.openfoodfacts.org/product/7899916904877
EAN-7899916904839,7899916904839,Suco uva e maçã natural one ambiente garrafa 900ml,,"Águas, sucos e isotônicos",900 ML,UN,,,0,0,PRODUTO,SIM,CONFERIR EMBALAGEM,https://world.openfoodfacts.org/product/7899916904839
EAN-7899916900343,7899916900343,Suco uva e maçã natural one refrigerado garrafa 300ml,,"Águas, sucos e isotônicos",300 ML,UN,,,0,0,PRODUTO,SIM,CONFERIR EMBALAGEM,https://world.openfoodfacts.org/product/7899916900343
EAN-7898553445613,7898553445613,Suco uva e maçã natural one refrigerado garrafa 900ml,,"Águas, sucos e isotônicos",900 ML,UN,,,0,0,PRODUTO,SIM,CONFERIR EMBALAGEM,https://world.openfoodfacts.org/product/7898553445613
EAN-7896229800858,7896229800858,Suco uva fazenda bela vista garrafa 300ml,,"Águas, sucos e isotônicos",300 ML,UN,,,0,0,PRODUTO,SIM,CONFERIR EMBALAGEM,https://world.openfoodfacts.org/product/7896229800858
EAN-7896229800780,7896229800780,Suco uva fazenda bela vista garrafa 900ml,,"Águas, sucos e isotônicos",900 ML,UN,,,0,0,PRODUTO,SIM,CONFERIR EMBALAGEM,https://world.openfoodfacts.org/product/7896229800780
EAN-7896024102058,7896024102058,Suco uva jal garrafa 625ml,,"Águas, sucos e isotônicos",625 ML,UN,,,0,0,PRODUTO,SIM,CONFERIR EMBALAGEM,https://world.openfoodfacts.org/product/7896024102058
EAN-7896000594020,7896000594020,"Suco uva tinto maguary seleção garrafa 1,5l",,"Águas, sucos e isotônicos",1.5 L,UN,,,0,0,PRODUTO,SIM,CONFERIR EMBALAGEM,https://world.openfoodfacts.org/product/7896000594020
EAN-7896623100738,7896623100738,"Suco uva xandô garrafa 1,5l",,"Águas, sucos e isotônicos",1.5 L,UN,,,0,0,PRODUTO,SIM,CONFERIR EMBALAGEM,https://world.openfoodfacts.org/product/7896623100738
EAN-7896623100479,7896623100479,Suco uva xandô garrafa 300ml,,"Águas, sucos e isotônicos",300 ML,UN,,,0,0,PRODUTO,SIM,CONFERIR EMBALAGEM,https://world.openfoodfacts.org/product/7896623100479
EAN-7896623100462,7896623100462,Suco uva xandô garrafa 900ml,,"Águas, sucos e isotônicos",900 ML,UN,,,0,0,PRODUTO,SIM,CONFERIR EMBALAGEM,https://world.openfoodfacts.org/product/7896623100462
EAN-7892840225711,7892840225711,Batata frita frango grelhado elma chips sensações pacote 45g,Elma Chips,Salgadinhos,45 G,UN,,,0,0,PRODUTO,SIM,CONFERIR EMBALAGEM,https://world.openfoodfacts.org/product/7892840225711
EAN-7892840215217,7892840215217,Batata frita lisa peito de peru elma chips sensações pacote 45g,Elma Chips,Salgadinhos,45 G,UN,,,0,0,PRODUTO,SIM,CONFERIR EMBALAGEM,https://world.openfoodfacts.org/product/7892840215217
EAN-7892840254940,7892840254940,Batata frita ondulada cebola e salsa elma chips ruffles pacote 57g,Ruffles,Salgadinhos,57 G,UN,,,0,0,PRODUTO,SIM,CONFERIR EMBALAGEM,https://world.openfoodfacts.org/product/7892840254940
EAN-7892840818180,7892840818180,Batata frita ondulada cebola e salsa elma chips ruffles pacote 76g,Ruffles,Salgadinhos,76 G,UN,,,0,0,PRODUTO,SIM,CONFERIR EMBALAGEM,https://world.openfoodfacts.org/product/7892840818180
EAN-7892840820107,7892840820107,Batata frita ondulada cebola salsa elma chips ruffles pacote 40g,Ruffles,Salgadinhos,40 G,UN,,,0,0,PRODUTO,SIM,CONFERIR EMBALAGEM,https://world.openfoodfacts.org/product/7892840820107
EAN-7892840818142,7892840818142,Batata frita ondulada churrasco elma chips ruffles pacote 115g,Ruffles,Salgadinhos,115 G,UN,,,0,0,PRODUTO,SIM,CONFERIR EMBALAGEM,https://world.openfoodfacts.org/product/7892840818142
EAN-7892840820114,7892840820114,Batata frita ondulada churrasco elma chips ruffles pacote 40g,Ruffles,Salgadinhos,40 G,UN,,,0,0,PRODUTO,SIM,CONFERIR EMBALAGEM,https://world.openfoodfacts.org/product/7892840820114
EAN-7892840255046,7892840255046,Batata frita ondulada churrasco elma chips ruffles pacote 57g,Ruffles,Salgadinhos,57 G,UN,,,0,0,PRODUTO,SIM,CONFERIR EMBALAGEM,https://world.openfoodfacts.org/product/7892840255046
EAN-7892840819286,7892840819286,Batata frita ondulada hellmanns temperada elma chips ruffles pacote 72g,Ruffles,Salgadinhos,72 G,UN,,,0,0,PRODUTO,SIM,CONFERIR EMBALAGEM,https://world.openfoodfacts.org/product/7892840819286
EAN-7892840817978,7892840817978,Batata frita ondulada original elma chips ruffles pacote 115g,Ruffles,Salgadinhos,115 G,UN,,,0,0,PRODUTO,SIM,CONFERIR EMBALAGEM,https://world.openfoodfacts.org/product/7892840817978
EAN-7892840253646,7892840253646,Batata frita ondulada original elma chips ruffles pacote 167g,Ruffles,Salgadinhos,167 G,UN,,,0,0,PRODUTO,SIM,CONFERIR EMBALAGEM,https://world.openfoodfacts.org/product/7892840253646
EAN-7892840818364,7892840818364,Batata frita ondulada original elma chips ruffles pacote 300g,Ruffles,Salgadinhos,300 G,UN,,,0,0,PRODUTO,SIM,CONFERIR EMBALAGEM,https://world.openfoodfacts.org/product/7892840818364
EAN-7892840820121,7892840820121,Batata frita ondulada original elma chips ruffles pacote 40g,Ruffles,Salgadinhos,40 G,UN,,,0,0,PRODUTO,SIM,CONFERIR EMBALAGEM,https://world.openfoodfacts.org/product/7892840820121
EAN-7892840253844,7892840253844,Batata frita ondulada original elma chips ruffles pacote 57g,Ruffles,Salgadinhos,57 G,UN,,,0,0,PRODUTO,SIM,CONFERIR EMBALAGEM,https://world.openfoodfacts.org/product/7892840253844
EAN-7892840818203,7892840818203,Batata frita ondulada original elma chips ruffles pacote 76g,Ruffles,Salgadinhos,76 G,UN,,,0,0,PRODUTO,SIM,CONFERIR EMBALAGEM,https://world.openfoodfacts.org/product/7892840818203
EAN-7892840818166,7892840818166,Batata frita ondulada original elma chips ruffles pacote leve 115g pague 101g,Ruffles,Salgadinhos,115 G,UN,,,0,0,PRODUTO,SIM,CONFERIR EMBALAGEM,https://world.openfoodfacts.org/product/7892840818166
EAN-7896024760838,7896024760838,Biscoito salgadinho calabresa piraquê comida di buteco pacote 90g,Bis,Salgadinhos,90 G,UN,,,0,0,PRODUTO,SIM,CONFERIR EMBALAGEM,https://world.openfoodfacts.org/product/7896024760838
EAN-7896024760821,7896024760821,Biscoito salgadinho pão de alho piraquê comida di buteco pacote 90g,Bis,Salgadinhos,90 G,UN,,,0,0,PRODUTO,SIM,CONFERIR EMBALAGEM,https://world.openfoodfacts.org/product/7896024760821
EAN-7896024760845,7896024760845,Biscoito salgadinho pimenta piraquê comida di buteco pacote 90g,Bis,Salgadinhos,90 G,UN,,,0,0,PRODUTO,SIM,CONFERIR EMBALAGEM,https://world.openfoodfacts.org/product/7896024760845
EAN-7896024778468,7896024778468,Biscoito salgadinho queijinho piraquê pacote 35g,Bis,Salgadinhos,35 G,UN,,,0,0,PRODUTO,SIM,CONFERIR EMBALAGEM,https://world.openfoodfacts.org/product/7896024778468
EAN-7892840816292,7892840816292,Pipoca pronta doce caramelizada elma chips cheetos pacote 140g,Cheetos,Salgadinhos,140 G,UN,,,0,0,PRODUTO,SIM,CONFERIR EMBALAGEM,https://world.openfoodfacts.org/product/7892840816292
EAN-7892840814342,7892840814342,Pipoca pronta doce caramelizada elma chips cheetos pacote 45g,Cheetos,Salgadinhos,45 G,UN,,,0,0,PRODUTO,SIM,CONFERIR EMBALAGEM,https://world.openfoodfacts.org/product/7892840814342
EAN-7892840818395,7892840818395,Salgadinho bacon torcida pacote 45g,Torcida,Salgadinhos,45 G,UN,,,0,0,PRODUTO,SIM,CONFERIR EMBALAGEM,https://world.openfoodfacts.org/product/7892840818395
EAN-7892840818388,7892840818388,Salgadinho costelinha com limão torcida pacote 45g,Torcida,Salgadinhos,45 G,UN,,,0,0,PRODUTO,SIM,CONFERIR EMBALAGEM,https://world.openfoodfacts.org/product/7892840818388
EAN-7892840818586,7892840818586,Salgadinho de milho bola queijo suíço elma chips cheetos pacote 37g,Cheetos,Salgadinhos,37 G,UN,,,0,0,PRODUTO,SIM,CONFERIR EMBALAGEM,https://world.openfoodfacts.org/product/7892840818586
EAN-7892840819989,7892840819989,Salgadinho de milho cheddar wow patas com anitta elma chips cheetos pacote 61g,Cheetos,Salgadinhos,61 G,UN,,,0,0,PRODUTO,SIM,CONFERIR EMBALAGEM,https://world.openfoodfacts.org/product/7892840819989
EAN-7892840818470,7892840818470,Salgadinho de milho elma chips cebolitos clássicos pacote 190g,Elma Chips,Salgadinhos,190 G,UN,,,0,0,PRODUTO,SIM,CONFERIR EMBALAGEM,https://world.openfoodfacts.org/product/7892840818470
EAN-7892840816414,7892840816414,Salgadinho de milho elma chips cebolitos clássicos pacote 60g,Elma Chips,Salgadinhos,60 G,UN,,,0,0,PRODUTO,SIM,CONFERIR EMBALAGEM,https://world.openfoodfacts.org/product/7892840816414
EAN-7892840817763,7892840817763,Salgadinho de milho lua parmesão elma chips cheetos pacote 125g,Cheetos,Salgadinhos,125 G,UN,,,0,0,PRODUTO,SIM,CONFERIR EMBALAGEM,https://world.openfoodfacts.org/product/7892840817763
EAN-7892840817909,7892840817909,Salgadinho de milho lua parmesão elma chips cheetos pacote 40g,Cheetos,Salgadinhos,40 G,UN,,,0,0,PRODUTO,SIM,CONFERIR EMBALAGEM,https://world.openfoodfacts.org/product/7892840817909
EAN-7892840818517,7892840818517,Salgadinho de milho mel e mostarda doritos rainbow pacote 55g,Doritos,Salgadinhos,55 G,UN,,,0,0,PRODUTO,SIM,CONFERIR EMBALAGEM,https://world.openfoodfacts.org/product/7892840818517
EAN-7892840817848,7892840817848,Salgadinho de milho mix de queijos elma chips cheetos pacote 115g,Cheetos,Salgadinhos,115 G,UN,,,0,0,PRODUTO,SIM,CONFERIR EMBALAGEM,https://world.openfoodfacts.org/product/7892840817848
EAN-7892840816261,7892840816261,Salgadinho de milho onda requeijão elma chips cheetos pacote 140g,Cheetos,Salgadinhos,140 G,UN,,,0,0,PRODUTO,SIM,CONFERIR EMBALAGEM,https://world.openfoodfacts.org/product/7892840816261
EAN-7892840817879,7892840817879,Salgadinho de milho onda requeijão elma chips cheetos pacote 230g,Cheetos,Salgadinhos,230 G,UN,,,0,0,PRODUTO,SIM,CONFERIR EMBALAGEM,https://world.openfoodfacts.org/product/7892840817879
EAN-7892840816254,7892840816254,Salgadinho de milho onda requeijão elma chips cheetos pacote 45g,Cheetos,Salgadinhos,45 G,UN,,,0,0,PRODUTO,SIM,CONFERIR EMBALAGEM,https://world.openfoodfacts.org/product/7892840816254
EAN-7892840816636,7892840816636,Salgadinho de milho onda requeijão elma chips cheetos pacote 75g,Cheetos,Salgadinhos,75 G,UN,,,0,0,PRODUTO,SIM,CONFERIR EMBALAGEM,https://world.openfoodfacts.org/product/7892840816636
EAN-7892840820060,7892840820060,Salgadinho de milho pizza rock in rio doritos pacote 78g,Doritos,Salgadinhos,78 G,UN,,,0,0,PRODUTO,SIM,CONFERIR EMBALAGEM,https://world.openfoodfacts.org/product/7892840820060
EAN-7892840816322,7892840816322,Salgadinho de milho presunto elma chips fandangos pacote 140g,Fandangos,Salgadinhos,140 G,UN,,,0,0,PRODUTO,SIM,CONFERIR EMBALAGEM,https://world.openfoodfacts.org/product/7892840816322
EAN-7892840816438,7892840816438,Salgadinho de milho presunto elma chips fandangos pacote 45g,Fandangos,Salgadinhos,45 G,UN,,,0,0,PRODUTO,SIM,CONFERIR EMBALAGEM,https://world.openfoodfacts.org/product/7892840816438
EAN-7892840819477,7892840819477,Salgadinho de milho queijo cheddar tik tok cheetos pacote 75g,Cheetos,Salgadinhos,75 G,UN,,,0,0,PRODUTO,SIM,CONFERIR EMBALAGEM,https://world.openfoodfacts.org/product/7892840819477
EAN-7892840816339,7892840816339,Salgadinho de milho queijo elma chips fandangos pacote 140g,Fandangos,Salgadinhos,140 G,UN,,,0,0,PRODUTO,SIM,CONFERIR EMBALAGEM,https://world.openfoodfacts.org/product/7892840816339
EAN-7892840816452,7892840816452,Salgadinho de milho queijo elma chips fandangos pacote 45g,Fandangos,Salgadinhos,45 G,UN,,,0,0,PRODUTO,SIM,CONFERIR EMBALAGEM,https://world.openfoodfacts.org/product/7892840816452
EAN-7892840817916,7892840817916,Salgadinho de milho queijo nacho doritos pacote 210g,Doritos,Salgadinhos,210 G,UN,,,0,0,PRODUTO,SIM,CONFERIR EMBALAGEM,https://world.openfoodfacts.org/product/7892840817916
EAN-7892840818357,7892840818357,Salgadinho de milho queijo nacho doritos pacote 300g,Doritos,Salgadinhos,300 G,UN,,,0,0,PRODUTO,SIM,CONFERIR EMBALAGEM,https://world.openfoodfacts.org/product/7892840818357
EAN-7892840814595,7892840814595,Salgadinho de milho queijo nacho doritos pacote 30g,Doritos,Salgadinhos,30 G,UN,,,0,0,PRODUTO,SIM,CONFERIR EMBALAGEM,https://world.openfoodfacts.org/product/7892840814595
EAN-7892840820145,7892840820145,Salgadinho de milho queijo nacho doritos pacote 45g,Doritos,Salgadinhos,45 G,UN,,,0,0,PRODUTO,SIM,CONFERIR EMBALAGEM,https://world.openfoodfacts.org/product/7892840820145
EAN-7892840253745,7892840253745,Salgadinho de milho queijo nacho doritos pacote 55g,Doritos,Salgadinhos,55 G,UN,,,0,0,PRODUTO,SIM,CONFERIR EMBALAGEM,https://world.openfoodfacts.org/product/7892840253745
EAN-7892840815912,7892840815912,Salgadinho de milho queijo nacho doritos pacote 84g,Doritos,Salgadinhos,84 G,UN,,,0,0,PRODUTO,SIM,CONFERIR EMBALAGEM,https://world.openfoodfacts.org/product/7892840815912
EAN-7892840817923,7892840817923,Salgadinho de milho queijo nacho doritos pacote leve 140g pague 115g,Doritos,Salgadinhos,140 G,UN,,,0,0,PRODUTO,SIM,CONFERIR EMBALAGEM,https://world.openfoodfacts.org/product/7892840817923
EAN-7892840820138,7892840820138,Salgadinho de milho sweet chili doritos pacote 45g,Doritos,Salgadinhos,45 G,UN,,,0,0,PRODUTO,SIM,CONFERIR EMBALAGEM,https://world.openfoodfacts.org/product/7892840820138
EAN-7892840255244,7892840255244,Salgadinho de milho sweet chili doritos pacote 55g,Doritos,Salgadinhos,55 G,UN,,,0,0,PRODUTO,SIM,CONFERIR EMBALAGEM,https://world.openfoodfacts.org/product/7892840255244
EAN-7892840818111,7892840818111,Salgadinho de milho tubo queijo cheddar elma chips cheetos pacote 39g,Cheetos,Salgadinhos,39 G,UN,,,0,0,PRODUTO,SIM,CONFERIR EMBALAGEM,https://world.openfoodfacts.org/product/7892840818111
EAN-7892840120214,7892840120214,Salgadinho de trigo bacon elma chips baconzitos pacote 55g,Elma Chips,Salgadinhos,55 G,UN,,,0,0,PRODUTO,SIM,CONFERIR EMBALAGEM,https://world.openfoodfacts.org/product/7892840120214
EAN-7892840818043,7892840818043,Salgadinho de trigo bacon elma chips pingo douro clássicos pacote 120g,Elma Chips,Salgadinhos,120 G,UN,,,0,0,PRODUTO,SIM,CONFERIR EMBALAGEM,https://world.openfoodfacts.org/product/7892840818043
EAN-7892840815196,7892840815196,Salgadinho de trigo bacon torcida pacote 450g embalagem econômica,Torcida,Salgadinhos,450 G,UN,,,0,0,PRODUTO,SIM,CONFERIR EMBALAGEM,https://world.openfoodfacts.org/product/7892840815196
EAN-7892840820251,7892840820251,Salgadinho de trigo calabresa torcida pacote 38g,Torcida,Salgadinhos,38 G,UN,,,0,0,PRODUTO,SIM,CONFERIR EMBALAGEM,https://world.openfoodfacts.org/product/7892840820251
EAN-7892840818401,7892840818401,Salgadinho de trigo calabresa torcida pacote 45g,Torcida,Salgadinhos,45 G,UN,,,0,0,PRODUTO,SIM,CONFERIR EMBALAGEM,https://world.openfoodfacts.org/product/7892840818401
EAN-7892840820169,7892840820169,Salgadinho de trigo camarão com pimenta torcida pacote 38g,Torcida,Salgadinhos,38 G,UN,,,0,0,PRODUTO,SIM,CONFERIR EMBALAGEM,https://world.openfoodfacts.org/product/7892840820169
EAN-7892840818463,7892840818463,Salgadinho de trigo camarão com pimenta torcida pacote 45g,Torcida,Salgadinhos,45 G,UN,,,0,0,PRODUTO,SIM,CONFERIR EMBALAGEM,https://world.openfoodfacts.org/product/7892840818463
EAN-7892840817091,7892840817091,Salgadinho de trigo cebola torcida pacote 100g,Torcida,Salgadinhos,100 G,UN,,,0,0,PRODUTO,SIM,CONFERIR EMBALAGEM,https://world.openfoodfacts.org/product/7892840817091
EAN-7892840815202,7892840815202,Salgadinho de trigo cebola torcida pacote 450g embalagem econômica,Torcida,Salgadinhos,450 G,UN,,,0,0,PRODUTO,SIM,CONFERIR EMBALAGEM,https://world.openfoodfacts.org/product/7892840815202
EAN-7892840818418,7892840818418,Salgadinho de trigo cebola torcida pacote 45g,Torcida,Salgadinhos,45 G,UN,,,0,0,PRODUTO,SIM,CONFERIR EMBALAGEM,https://world.openfoodfacts.org/product/7892840818418
EAN-7892840817077,7892840817077,Salgadinho de trigo churrasco torcida pacote 100g,Torcida,Salgadinhos,100 G,UN,,,0,0,PRODUTO,SIM,CONFERIR EMBALAGEM,https://world.openfoodfacts.org/product/7892840817077
EAN-7892840820299,7892840820299,Salgadinho de trigo churrasco torcida pacote 38g,Torcida,Salgadinhos,38 G,UN,,,0,0,PRODUTO,SIM,CONFERIR EMBALAGEM,https://world.openfoodfacts.org/product/7892840820299
EAN-7892840820190,7892840820190,Salgadinho de trigo costelinha com limão torcida pacote 38g,Torcida,Salgadinhos,38 G,UN,,,0,0,PRODUTO,SIM,CONFERIR EMBALAGEM,https://world.openfoodfacts.org/product/7892840820190
EAN-7896071025188,7896071025188,Salgadinho de trigo costelinha com limão torcida pacote 70g,Torcida,Salgadinhos,70 G,UN,,,0,0,PRODUTO,SIM,CONFERIR EMBALAGEM,https://world.openfoodfacts.org/product/7896071025188
EAN-7898171340321,7898171340321,Salgadinho de trigo de bacon biscoitone pacote 90g,Bis,Salgadinhos,90 G,UN,,,0,0,PRODUTO,SIM,CONFERIR EMBALAGEM,https://world.openfoodfacts.org/product/7898171340321
EAN-7892840819859,7892840819859,Salgadinho de trigo pão de alho torcida churras pacote 100g,Torcida,Salgadinhos,100 G,UN,,,0,0,PRODUTO,SIM,CONFERIR EMBALAGEM,https://world.openfoodfacts.org/product/7892840819859
EAN-7892840820152,7892840820152,Salgadinho de trigo pão de alho torcida churras pacote 38g,Torcida,Salgadinhos,38 G,UN,,,0,0,PRODUTO,SIM,CONFERIR EMBALAGEM,https://world.openfoodfacts.org/product/7892840820152
EAN-7892840819835,7892840819835,Salgadinho de trigo pão de alho torcida churras pacote 45g,Torcida,Salgadinhos,45 G,UN,,,0,0,PRODUTO,SIM,CONFERIR EMBALAGEM,https://world.openfoodfacts.org/product/7892840819835
EAN-7892840819842,7892840819842,Salgadinho de trigo pão de alho torcida churras pacote 70g,Torcida,Salgadinhos,70 G,UN,,,0,0,PRODUTO,SIM,CONFERIR EMBALAGEM,https://world.openfoodfacts.org/product/7892840819842
EAN-7892840814670,7892840814670,Salgadinho de trigo picanha elma chips pingo douro clássicos pacote 35g,Elma Chips,Salgadinhos,35 G,UN,,,0,0,PRODUTO,SIM,CONFERIR EMBALAGEM,https://world.openfoodfacts.org/product/7892840814670
EAN-7892840818104,7892840818104,Salgadinho de trigo picanha elma chips pingo douro clássicos pacote 90g,Elma Chips,Salgadinhos,90 G,UN,,,0,0,PRODUTO,SIM,CONFERIR EMBALAGEM,https://world.openfoodfacts.org/product/7892840818104
EAN-7892840817107,7892840817107,Salgadinho de trigo pimenta mexicana torcida pacote 100g,Torcida,Salgadinhos,100 G,UN,,,0,0,PRODUTO,SIM,CONFERIR EMBALAGEM,https://world.openfoodfacts.org/product/7892840817107
EAN-7892840820312,7892840820312,Salgadinho de trigo pimenta mexicana torcida pacote 38g,Torcida,Salgadinhos,38 G,UN,,,0,0,PRODUTO,SIM,CONFERIR EMBALAGEM,https://world.openfoodfacts.org/product/7892840820312
EAN-7892840815219,7892840815219,Salgadinho de trigo pimenta mexicana torcida pacote 450g embalagem econômica,Torcida,Salgadinhos,450 G,UN,,,0,0,PRODUTO,SIM,CONFERIR EMBALAGEM,https://world.openfoodfacts.org/product/7892840815219
EAN-7892840818432,7892840818432,Salgadinho de trigo pimenta mexicana torcida pacote 45g,Torcida,Salgadinhos,45 G,UN,,,0,0,PRODUTO,SIM,CONFERIR EMBALAGEM,https://world.openfoodfacts.org/product/7892840818432
EAN-7892840817084,7892840817084,Salgadinho de trigo queijo torcida pacote 100g,Torcida,Salgadinhos,100 G,UN,,,0,0,PRODUTO,SIM,CONFERIR EMBALAGEM,https://world.openfoodfacts.org/product/7892840817084
EAN-7892840820343,7892840820343,Salgadinho de trigo queijo torcida pacote 38g,Torcida,Salgadinhos,38 G,UN,,,0,0,PRODUTO,SIM,CONFERIR EMBALAGEM,https://world.openfoodfacts.org/product/7892840820343
EAN-7892840818449,7892840818449,Salgadinho de trigo queijo torcida pacote 45g,Torcida,Salgadinhos,45 G,UN,,,0,0,PRODUTO,SIM,CONFERIR EMBALAGEM,https://world.openfoodfacts.org/product/7892840818449
EAN-7892840820619,7892840820619,Salgadinho de trigo vinagrete torcida churras pacote 100g,Torcida,Salgadinhos,100 G,UN,,,0,0,PRODUTO,SIM,CONFERIR EMBALAGEM,https://world.openfoodfacts.org/product/7892840820619
EAN-7892840820602,7892840820602,Salgadinho de trigo vinagrete torcida churras pacote 70g,Torcida,Salgadinhos,70 G,UN,,,0,0,PRODUTO,SIM,CONFERIR EMBALAGEM,https://world.openfoodfacts.org/product/7892840820602
EAN-7622210574657,7622210574657,Snack assado crocante pizza marguerita club social pacote 68g,Club Social,Salgadinhos,68 G,UN,,,0,0,PRODUTO,SIM,CONFERIR EMBALAGEM,https://world.openfoodfacts.org/product/7622210574657
EAN-7622210574695,7622210574695,Snack assado crocante queijo parmesão club social pacote 68g,Club Social,Salgadinhos,68 G,UN,,,0,0,PRODUTO,SIM,CONFERIR EMBALAGEM,https://world.openfoodfacts.org/product/7622210574695
EAN-7892840254841,7892840254841,Batata frita ondulada cebola e salsa elma chips ruffles pacote 167g embalagem econômica,Ruffles,Salgadinhos,167 G,UN,,,0,0,PRODUTO,SIM,CONFERIR EMBALAGEM,https://world.openfoodfacts.org/product/7892840254841
EAN-7892840128111,7892840128111,Batata frita original ruffles 50g,Ruffles,Salgadinhos,50 G,UN,,,0,0,PRODUTO,SIM,CONFERIR EMBALAGEM,https://world.openfoodfacts.org/product/7892840128111
EAN-7892840817442,7892840817442,Batata tubo ruffles cheddar 134g pepsico,Pepsi,Salgadinhos,134 G,UN,,,0,0,PRODUTO,SIM,CONFERIR EMBALAGEM,https://world.openfoodfacts.org/product/7892840817442
EAN-7892840817435,7892840817435,Batata tubo ruffles orig 134g pepsico,Pepsi,Salgadinhos,134 G,UN,,,0,0,PRODUTO,SIM,CONFERIR EMBALAGEM,https://world.openfoodfacts.org/product/7892840817435
EAN-7892840818296,7892840818296,Kit salgadinho elma chips lanchinho sortido 98g 5 unidades,Elma Chips,Salgadinhos,98 G,UN,,,0,0,PRODUTO,SIM,CONFERIR EMBALAGEM,https://world.openfoodfacts.org/product/7892840818296
EAN-7892840820213,7892840820213,Salg e chips torcida 38g bacon,Torcida,Salgadinhos,38 G,UN,,,0,0,PRODUTO,SIM,CONFERIR EMBALAGEM,https://world.openfoodfacts.org/product/7892840820213
EAN-7892840226015,7892840226015,Snack de batata cheddar elma chips stax pote 156g,Elma Chips,Salgadinhos,156 G,UN,,,0,0,PRODUTO,SIM,CONFERIR EMBALAGEM,https://world.openfoodfacts.org/product/7892840226015
EAN-7892840820275,7892840820275,Torcida cebola 38g pepsico,Pepsi,Salgadinhos,38 G,UN,,,0,0,PRODUTO,SIM,CONFERIR EMBALAGEM,https://world.openfoodfacts.org/product/7892840820275
EAN-7892840818012,7892840818012,Batata frita lisa barbecue lays pacote 80g,,Salgadinhos,80 G,UN,,,0,0,PRODUTO,SIM,CONFERIR EMBALAGEM,https://world.openfoodfacts.org/product/7892840818012
EAN-7892840819897,7892840819897,Batata frita lisa clássica lays pacote 275g mega pacote,,Salgadinhos,275 G,UN,,,0,0,PRODUTO,SIM,CONFERIR EMBALAGEM,https://world.openfoodfacts.org/product/7892840819897
EAN-7892840817947,7892840817947,Batata frita lisa clássica lays pacote 45g,,Salgadinhos,45 G,UN,,,0,0,PRODUTO,SIM,CONFERIR EMBALAGEM,https://world.openfoodfacts.org/product/7892840817947
EAN-7892840816773,7892840816773,Batata frita lisa clássica lays pacote 80g,,Salgadinhos,80 G,UN,,,0,0,PRODUTO,SIM,CONFERIR EMBALAGEM,https://world.openfoodfacts.org/product/7892840816773
EAN-7891095023158,7891095023158,Batata frita lisa com sal yoki yokitos pacote 45g,,Salgadinhos,45 G,UN,,,0,0,PRODUTO,SIM,CONFERIR EMBALAGEM,https://world.openfoodfacts.org/product/7891095023158
EAN-7892840818081,7892840818081,Batata frita lisa frango grelhado lays sensações premium pacote 145g,,Salgadinhos,145 G,UN,,,0,0,PRODUTO,SIM,CONFERIR EMBALAGEM,https://world.openfoodfacts.org/product/7892840818081
EAN-7892840820183,7892840820183,Batata frita lisa frango grelhado lays sensações premium pacote 40g,,Salgadinhos,40 G,UN,,,0,0,PRODUTO,SIM,CONFERIR EMBALAGEM,https://world.openfoodfacts.org/product/7892840820183
EAN-7892840820244,7892840820244,Batata frita lisa peito de peru lays sensações premium pacote 40g,,Salgadinhos,40 G,UN,,,0,0,PRODUTO,SIM,CONFERIR EMBALAGEM,https://world.openfoodfacts.org/product/7892840820244
EAN-7892840818272,7892840818272,Batata frita lisa sour cream lays pacote 135g,,Salgadinhos,135 G,UN,,,0,0,PRODUTO,SIM,CONFERIR EMBALAGEM,https://world.openfoodfacts.org/product/7892840818272
EAN-7892840816780,7892840816780,Batata frita lisa sour cream lays pacote 80g,,Salgadinhos,80 G,UN,,,0,0,PRODUTO,SIM,CONFERIR EMBALAGEM,https://world.openfoodfacts.org/product/7892840816780
EAN-7891095023141,7891095023141,Batata frita ondulada cebola e salsa yoki yokitos pacote 45g,,Salgadinhos,45 G,UN,,,0,0,PRODUTO,SIM,CONFERIR EMBALAGEM,https://world.openfoodfacts.org/product/7891095023141
EAN-7891095023097,7891095023097,Batata frita ondulada churrasco yoki yokitos pacote 45g,,Salgadinhos,45 G,UN,,,0,0,PRODUTO,SIM,CONFERIR EMBALAGEM,https://world.openfoodfacts.org/product/7891095023097
EAN-7891095023127,7891095023127,Batata frita ondulada churrasco yoki yokitos pacote 90g,,Salgadinhos,90 G,UN,,,0,0,PRODUTO,SIM,CONFERIR EMBALAGEM,https://world.openfoodfacts.org/product/7891095023127
EAN-7891095023165,7891095023165,Batata frita ondulada com sal yoki yokitos pacote 180g,,Salgadinhos,180 G,UN,,,0,0,PRODUTO,SIM,CONFERIR EMBALAGEM,https://world.openfoodfacts.org/product/7891095023165
EAN-7891095023134,7891095023134,Batata frita ondulada com sal yoki yokitos pacote 45g,,Salgadinhos,45 G,UN,,,0,0,PRODUTO,SIM,CONFERIR EMBALAGEM,https://world.openfoodfacts.org/product/7891095023134
EAN-7892840820633,7892840820633,Batata frita rústica com sal marinho lays pacote 68g,,Salgadinhos,68 G,UN,,,0,0,PRODUTO,SIM,CONFERIR EMBALAGEM,https://world.openfoodfacts.org/product/7892840820633
EAN-7892840820640,7892840820640,Batata frita rústica cream cheese lays pacote 68g,,Salgadinhos,68 G,UN,,,0,0,PRODUTO,SIM,CONFERIR EMBALAGEM,https://world.openfoodfacts.org/product/7892840820640
EAN-7892840816193,7892840816193,Fandangos sabor presunto 230g,Fandangos,Salgadinhos,230 G,UN,,,0,0,PRODUTO,SIM,CONFERIR EMBALAGEM,https://world.openfoodfacts.org/product/7892840816193
EAN-7898176582009,7898176582009,Grão de bico assado chilli bio2 snack pacote 40g,,Salgadinhos,40 G,UN,,,0,0,PRODUTO,SIM,CONFERIR EMBALAGEM,https://world.openfoodfacts.org/product/7898176582009
EAN-7898176581989,7898176581989,Grão de bico assado cúrcuma bio2 snack pacote 40g,,Salgadinhos,40 G,UN,,,0,0,PRODUTO,SIM,CONFERIR EMBALAGEM,https://world.openfoodfacts.org/product/7898176581989
EAN-7898176580593,7898176580593,Mix de castanha bio2 snack pacote 50g,,Salgadinhos,50 G,UN,,,0,0,PRODUTO,SIM,CONFERIR EMBALAGEM,https://world.openfoodfacts.org/product/7898176580593
EAN-7898176580616,7898176580616,Mix de frutas e sementes cranberry amêndoa bio2 snack pacote 50g,,Salgadinhos,50 G,UN,,,0,0,PRODUTO,SIM,CONFERIR EMBALAGEM,https://world.openfoodfacts.org/product/7898176580616
EAN-7898176581941,7898176581941,Mix de sementes bio2 snack pacote 50g,,Salgadinhos,50 G,UN,,,0,0,PRODUTO,SIM,CONFERIR EMBALAGEM,https://world.openfoodfacts.org/product/7898176581941
EAN-7898176581958,7898176581958,Mix de sementes pimenta bio2 snack pacote 50g,,Salgadinhos,50 G,UN,,,0,0,PRODUTO,SIM,CONFERIR EMBALAGEM,https://world.openfoodfacts.org/product/7898176581958
EAN-7898176582023,7898176582023,Noz pecã bio2 snack pacote 40g,,Salgadinhos,40 G,UN,,,0,0,PRODUTO,SIM,CONFERIR EMBALAGEM,https://world.openfoodfacts.org/product/7898176582023
EAN-7898176582047,7898176582047,Noz pecã caramelizada bio2 snack pacote 40g,,Salgadinhos,40 G,UN,,,0,0,PRODUTO,SIM,CONFERIR EMBALAGEM,https://world.openfoodfacts.org/product/7898176582047
EAN-7896004007038,7896004007038,Salgadinho cheddar cheez it pacote 115g,,Salgadinhos,115 G,UN,,,0,0,PRODUTO,SIM,CONFERIR EMBALAGEM,https://world.openfoodfacts.org/product/7896004007038
EAN-7896004007410,7896004007410,Salgadinho creme e cebola free fire cheez it pacote 115g,,Salgadinhos,115 G,UN,,,0,0,PRODUTO,SIM,CONFERIR EMBALAGEM,https://world.openfoodfacts.org/product/7896004007410
EAN-7622210956002,7622210956002,Bala cereja halls pacote 84g 3 unidades leve mais pague menos,Halls,Balas e gomas,84 G,UN,,,0,0,PRODUTO,SIM,CONFERIR EMBALAGEM,https://world.openfoodfacts.org/product/7622210956002
EAN-7622210956798,7622210956798,Bala menta halls pacote 84g 3 unidades leve mais pague menos,Halls,Balas e gomas,84 G,UN,,,0,0,PRODUTO,SIM,CONFERIR EMBALAGEM,https://world.openfoodfacts.org/product/7622210956798
EAN-7622210956200,7622210956200,"Bala mentol extra forte halls pacote 82,5g 3 unidades leve mais pague menos",Halls,Balas e gomas,82.5 G,UN,,,0,0,PRODUTO,SIM,CONFERIR EMBALAGEM,https://world.openfoodfacts.org/product/7622210956200
EAN-7622210956118,7622210956118,Bala morango halls pacote 84g 3 unidades leve mais pague menos,Halls,Balas e gomas,84 G,UN,,,0,0,PRODUTO,SIM,CONFERIR EMBALAGEM,https://world.openfoodfacts.org/product/7622210956118
EAN-7896262304368,7896262304368,"Confeito frutas mentos pacote 112,5g 3 unidades",Mentos,Balas e gomas,112.5 G,UN,,,0,0,PRODUTO,SIM,CONFERIR EMBALAGEM,https://world.openfoodfacts.org/product/7896262304368
EAN-7895144603599,7895144603599,"Confeito frutas vermelhas mentos pacote 112,5g 3 unidades",Mentos,Balas e gomas,112.5 G,UN,,,0,0,PRODUTO,SIM,CONFERIR EMBALAGEM,https://world.openfoodfacts.org/product/7895144603599
EAN-7896262304351,7896262304351,"Confeito laranja, morango ou limão mentos fruit pacote 37,5g 14 unidades",Mentos,Balas e gomas,37.5 G,UN,,,0,0,PRODUTO,SIM,CONFERIR EMBALAGEM,https://world.openfoodfacts.org/product/7896262304351
EAN-7896262304313,7896262304313,"Confeito menta mentos pacote 112,5g 3 unidades",Mentos,Balas e gomas,112.5 G,UN,,,0,0,PRODUTO,SIM,CONFERIR EMBALAGEM,https://world.openfoodfacts.org/product/7896262304313
EAN-7896262304306,7896262304306,"Confeito menta mentos pacote 37,5g 14 unidades",Mentos,Balas e gomas,37.5 G,UN,,,0,0,PRODUTO,SIM,CONFERIR EMBALAGEM,https://world.openfoodfacts.org/product/7896262304306
EAN-7622210630636,7622210630636,"Pastilha menta zero açúcar trident mints lata 22,5g 50 unidades",Trident,Balas e gomas,22.5 G,UN,,,0,0,PRODUTO,SIM,CONFERIR EMBALAGEM,https://world.openfoodfacts.org/product/7622210630636
EAN-7895800304235,7895800304235,"Chicle trident canela 21unidade x 8,5g",Trident,Balas e gomas,8.5 G,UN,,,0,0,PRODUTO,SIM,CONFERIR EMBALAGEM,https://world.openfoodfacts.org/product/7895800304235
EAN-7895800400159,7895800400159,"Chicle trident hortelã 21unidade x 8,5g",Trident,Balas e gomas,8.5 G,UN,,,0,0,PRODUTO,SIM,CONFERIR EMBALAGEM,https://world.openfoodfacts.org/product/7895800400159
EAN-7896262304450,7896262304450,Confeito menta mentos caixa 600g 16 unidades,Mentos,Balas e gomas,600 G,UN,,,0,0,PRODUTO,SIM,CONFERIR EMBALAGEM,https://world.openfoodfacts.org/product/7896262304450
EAN-7622210564337,7622210564337,Goma de mascar cereja ice trident xfresh envelope 8g 5 unidades,Trident,Balas e gomas,8 G,UN,,,0,0,PRODUTO,SIM,CONFERIR EMBALAGEM,https://world.openfoodfacts.org/product/7622210564337
EAN-7895144297590,7895144297590,Goma de mascar citrus zero açúcar mentos vitamins pote 48g 24 unidades,Mentos,Balas e gomas,48 G,UN,,,0,0,PRODUTO,SIM,CONFERIR EMBALAGEM,https://world.openfoodfacts.org/product/7895144297590
EAN-7895144203850,7895144203850,Goma de mascar fresh mint zero açúcar mentos pure fresh pacote 56g 28 unidades refil econômico,Mentos,Balas e gomas,56 G,UN,,,0,0,PRODUTO,SIM,CONFERIR EMBALAGEM,https://world.openfoodfacts.org/product/7895144203850
EAN-7622210564313,7622210564313,Goma de mascar herbal trident xfresh envelope 8g 5 unidades,Trident,Balas e gomas,8 G,UN,,,0,0,PRODUTO,SIM,CONFERIR EMBALAGEM,https://world.openfoodfacts.org/product/7622210564313
EAN-7622210563538,7622210563538,"Goma de mascar hortelã fresca zero açúcar trident max envelope 16,5g 5 unidades",Trident,Balas e gomas,16.5 G,UN,,,0,0,PRODUTO,SIM,CONFERIR EMBALAGEM,https://world.openfoodfacts.org/product/7622210563538
EAN-7622210570376,7622210570376,Goma de mascar melancia mint zero açúcar trident x senses pote 54g 28 unidades,Trident,Balas e gomas,54 G,UN,,,0,0,PRODUTO,SIM,CONFERIR EMBALAGEM,https://world.openfoodfacts.org/product/7622210570376
EAN-7622210862679,7622210862679,"Goma de mascar melancia zero açúcar trident caixa 30,6g 18 unidades",Trident,Balas e gomas,30.6 G,UN,,,0,0,PRODUTO,SIM,CONFERIR EMBALAGEM,https://world.openfoodfacts.org/product/7622210862679
EAN-7895800309780,7895800309780,Goma de mascar melancia zero açúcar trident envelope 8g 5 unidades,Trident,Balas e gomas,8 G,UN,,,0,0,PRODUTO,SIM,CONFERIR EMBALAGEM,https://world.openfoodfacts.org/product/7895800309780
EAN-7622210563477,7622210563477,"Goma de mascar menta blueberry zero açúcar trident max envelope 16,5g 5 unidades",Trident,Balas e gomas,16.5 G,UN,,,0,0,PRODUTO,SIM,CONFERIR EMBALAGEM,https://world.openfoodfacts.org/product/7622210563477
EAN-7622210839640,7622210839640,"Goma de mascar menta zero açúcar trident caixa 30,6g 18 unidades",Trident,Balas e gomas,30.6 G,UN,,,0,0,PRODUTO,SIM,CONFERIR EMBALAGEM,https://world.openfoodfacts.org/product/7622210839640
EAN-7895800304228,7895800304228,Goma de mascar menta zero açúcar trident envelope 8g 5 unidades,Trident,Balas e gomas,8 G,UN,,,0,0,PRODUTO,SIM,CONFERIR EMBALAGEM,https://world.openfoodfacts.org/product/7895800304228
EAN-7622210888457,7622210888457,Goma de mascar menta zero açúcar trident xfresh pote 56g 28 unidades,Trident,Balas e gomas,56 G,UN,,,0,0,PRODUTO,SIM,CONFERIR EMBALAGEM,https://world.openfoodfacts.org/product/7622210888457
EAN-7622210839602,7622210839602,"Goma de mascar mirtilo zero açúcar trident caixa 30,6g 18 unidades",Trident,Balas e gomas,30.6 G,UN,,,0,0,PRODUTO,SIM,CONFERIR EMBALAGEM,https://world.openfoodfacts.org/product/7622210839602
EAN-7895800201503,7895800201503,Goma de mascar morango zero açúcar trident envelope 8g 5 unidades,Trident,Balas e gomas,8 G,UN,,,0,0,PRODUTO,SIM,CONFERIR EMBALAGEM,https://world.openfoodfacts.org/product/7895800201503
EAN-7895800430002,7895800430002,Goma de mascar tutti frutti zero açúcar trident envelope 8g 5 unidades,Trident,Balas e gomas,8 G,UN,,,0,0,PRODUTO,SIM,CONFERIR EMBALAGEM,https://world.openfoodfacts.org/product/7895800430002
EAN-7895144203867,7895144203867,Goma de mascar wintergreen zero açúcar mentos pure fresh pacote 56g 28 unidades refil econômico,Mentos,Balas e gomas,56 G,UN,,,0,0,PRODUTO,SIM,CONFERIR EMBALAGEM,https://world.openfoodfacts.org/product/7895144203867
EAN-7895144603674,7895144603674,"Kit confeito sortido mentos 112,5g 3 unidades",Mentos,Balas e gomas,112.5 G,UN,,,0,0,PRODUTO,SIM,CONFERIR EMBALAGEM,https://world.openfoodfacts.org/product/7895144603674
EAN-7895800112632,7895800112632,Pack goma de mascar hortelã zero açúcar trident pacote 32g 4 unidades leve mais pague menos,Trident,Balas e gomas,32 G,UN,,,0,0,PRODUTO,SIM,CONFERIR EMBALAGEM,https://world.openfoodfacts.org/product/7895800112632
EAN-7895800412794,7895800412794,Pack goma de mascar intense trident xfresh pacote 32g 4 unidades leve mais pague menos,Trident,Balas e gomas,32 G,UN,,,0,0,PRODUTO,SIM,CONFERIR EMBALAGEM,https://world.openfoodfacts.org/product/7895800412794
EAN-7895800112786,7895800112786,Pack goma de mascar menta zero açúcar trident pacote 32g 4 unidades leve mais pague menos,Trident,Balas e gomas,32 G,UN,,,0,0,PRODUTO,SIM,CONFERIR EMBALAGEM,https://world.openfoodfacts.org/product/7895800112786
EAN-7895800481004,7895800481004,Pack goma de mascar tutti frutti zero açúcar trident pacote 32g 4 unidades leve mais pague menos,Trident,Balas e gomas,32 G,UN,,,0,0,PRODUTO,SIM,CONFERIR EMBALAGEM,https://world.openfoodfacts.org/product/7895800481004
EAN-7899975801995,7899975801995,Pack picolé morango azedinho fini tubes caixa 270g 6 unidades,Fini,Balas e gomas,270 G,UN,,,0,0,PRODUTO,SIM,CONFERIR EMBALAGEM,https://world.openfoodfacts.org/product/7899975801995
EAN-7895144404172,7895144404172,"Pastilha limão zero açúcar mentos kiss sour frasco 38,5g 55 unidades",Mentos,Balas e gomas,38.5 G,UN,,,0,0,PRODUTO,SIM,CONFERIR EMBALAGEM,https://world.openfoodfacts.org/product/7895144404172
EAN-7895144404189,7895144404189,"Pastilha morango zero açúcar mentos kiss sour frasco 38,5g 55 unidades",Mentos,Balas e gomas,38.5 G,UN,,,0,0,PRODUTO,SIM,CONFERIR EMBALAGEM,https://world.openfoodfacts.org/product/7895144404189
EAN-7622210573261,7622210573261,Trident x senses peppermint 54g mdlz,Trident,Balas e gomas,54 G,UN,,,0,0,PRODUTO,SIM,CONFERIR EMBALAGEM,https://world.openfoodfacts.org/product/7622210573261
EAN-7622210527837,7622210527837,"Bala citric blueberry rabinho de gato bubbaloo pacote 82,5g",,Balas e gomas,82.5 G,UN,,,0,0,PRODUTO,SIM,CONFERIR EMBALAGEM,https://world.openfoodfacts.org/product/7622210527837
EAN-7896058503340,7896058503340,Bala com recheio de morango e pêssego dori lua cheia chantilly pacote 150g,,Balas e gomas,150 G,UN,,,0,0,PRODUTO,SIM,CONFERIR EMBALAGEM,https://world.openfoodfacts.org/product/7896058503340
EAN-7896058595413,7896058595413,Bala de gelatina amora dori pacote 85g,,Balas e gomas,85 G,UN,,,0,0,PRODUTO,SIM,CONFERIR EMBALAGEM,https://world.openfoodfacts.org/product/7896058595413
EAN-7896058595369,7896058595369,Bala de gelatina banana dori pacote 85g,,Balas e gomas,85 G,UN,,,0,0,PRODUTO,SIM,CONFERIR EMBALAGEM,https://world.openfoodfacts.org/product/7896058595369
EAN-7898629571109,7898629571109,Bala de gelatina framboesa dentinhos haribo pacote 60g,,Balas e gomas,60 G,UN,,,0,0,PRODUTO,SIM,CONFERIR EMBALAGEM,https://world.openfoodfacts.org/product/7898629571109
EAN-7898629571031,7898629571031,Bala de gelatina frutas aviões haribo pacote 90g,,Balas e gomas,90 G,UN,,,0,0,PRODUTO,SIM,CONFERIR EMBALAGEM,https://world.openfoodfacts.org/product/7898629571031
EAN-7898629571246,7898629571246,Bala de gelatina frutas barbie e ursinhos de ouro haribo pacote 80g,,Balas e gomas,80 G,UN,,,0,0,PRODUTO,SIM,CONFERIR EMBALAGEM,https://world.openfoodfacts.org/product/7898629571246
EAN-7898629571680,7898629571680,Bala de gelatina frutas do brasil ursinhos de ouro haribo pacote 80g,,Balas e gomas,80 G,UN,,,0,0,PRODUTO,SIM,CONFERIR EMBALAGEM,https://world.openfoodfacts.org/product/7898629571680
EAN-7898629571260,7898629571260,Bala de gelatina frutas hot wheels haribo pacote 80g,,Balas e gomas,80 G,UN,,,0,0,PRODUTO,SIM,CONFERIR EMBALAGEM,https://world.openfoodfacts.org/product/7898629571260
EAN-7898629571048,7898629571048,Bala de gelatina frutas letrinhas haribo pacote 90g,,Balas e gomas,90 G,UN,,,0,0,PRODUTO,SIM,CONFERIR EMBALAGEM,https://world.openfoodfacts.org/product/7898629571048
EAN-7898629572021,7898629572021,Bala de gelatina frutas mix haribo pacote 80g,,Balas e gomas,80 G,UN,,,0,0,PRODUTO,SIM,CONFERIR EMBALAGEM,https://world.openfoodfacts.org/product/7898629572021
EAN-7898629571086,7898629571086,Bala de gelatina frutas ursinhos de ouro haribo pacote 50g,,Balas e gomas,50 G,UN,,,0,0,PRODUTO,SIM,CONFERIR EMBALAGEM,https://world.openfoodfacts.org/product/7898629571086
EAN-7898629571376,7898629571376,Bala de gelatina melancia haribo pacote 80g,,Balas e gomas,80 G,UN,,,0,0,PRODUTO,SIM,CONFERIR EMBALAGEM,https://world.openfoodfacts.org/product/7898629571376
EAN-7898629571154,7898629571154,Bala de gelatina morango ácido haribo balla sticks mini pacote 80g,,Balas e gomas,80 G,UN,,,0,0,PRODUTO,SIM,CONFERIR EMBALAGEM,https://world.openfoodfacts.org/product/7898629571154
EAN-7898629570508,7898629570508,Bala de gelatina morango e framboesa dentinhos haribo pacote 90g,,Balas e gomas,90 G,UN,,,0,0,PRODUTO,SIM,CONFERIR EMBALAGEM,https://world.openfoodfacts.org/product/7898629570508
EAN-7898629570485,7898629570485,Bala de gelatina morango e nata cream kiss haribo pacote 90g,,Balas e gomas,90 G,UN,,,0,0,PRODUTO,SIM,CONFERIR EMBALAGEM,https://world.openfoodfacts.org/product/7898629570485
EAN-7898629571406,7898629571406,Bala de gelatina pink lemonade ácida haribo balla sticks pacote 80g,,Balas e gomas,80 G,UN,,,0,0,PRODUTO,SIM,CONFERIR EMBALAGEM,https://world.openfoodfacts.org/product/7898629571406
EAN-7896058595406,7896058595406,Bala de gelatina sortidos de frutas ácidas minhoca dori pacote 85g,,Balas e gomas,85 G,UN,,,0,0,PRODUTO,SIM,CONFERIR EMBALAGEM,https://world.openfoodfacts.org/product/7896058595406
EAN-7896058500226,7896058500226,Bala de gelatina sortidos de frutas minhoca dori pacote 60g,,Balas e gomas,60 G,UN,,,0,0,PRODUTO,SIM,CONFERIR EMBALAGEM,https://world.openfoodfacts.org/product/7896058500226
EAN-7896058595390,7896058595390,Bala de gelatina sortidos de frutas minhoca dori pacote 85g,,Balas e gomas,85 G,UN,,,0,0,PRODUTO,SIM,CONFERIR EMBALAGEM,https://world.openfoodfacts.org/product/7896058595390
EAN-7896058500219,7896058500219,Bala de gelatina sortidos de frutas urso dori pacote 60g,,Balas e gomas,60 G,UN,,,0,0,PRODUTO,SIM,CONFERIR EMBALAGEM,https://world.openfoodfacts.org/product/7896058500219
EAN-7898629571093,7898629571093,Bala de gelatina sweet bananas haribo pacote 50g,,Balas e gomas,50 G,UN,,,0,0,PRODUTO,SIM,CONFERIR EMBALAGEM,https://world.openfoodfacts.org/product/7898629571093
EAN-7898629570461,7898629570461,Bala de gelatina sweet bananas haribo pacote 90g,,Balas e gomas,90 G,UN,,,0,0,PRODUTO,SIM,CONFERIR EMBALAGEM,https://world.openfoodfacts.org/product/7898629570461
EAN-7896058502404,7896058502404,Bala de goma frutas sortidas gum drops dori gomets pacote 200g,,Balas e gomas,200 G,UN,,,0,0,PRODUTO,SIM,CONFERIR EMBALAGEM,https://world.openfoodfacts.org/product/7896058502404
EAN-7896058599961,7896058599961,Bala de goma frutas sortidas jelly beans dori deliket pacote 150g,,Balas e gomas,150 G,UN,,,0,0,PRODUTO,SIM,CONFERIR EMBALAGEM,https://world.openfoodfacts.org/product/7896058599961
EAN-7891118025824,7891118025824,Bala framboesa 7 belo pacote 100g,,Balas e gomas,100 G,UN,,,0,0,PRODUTO,SIM,CONFERIR EMBALAGEM,https://world.openfoodfacts.org/product/7891118025824
EAN-7891118012701,7891118012701,Bala framboesa 7 belo pacote 150g,,Balas e gomas,150 G,UN,,,0,0,PRODUTO,SIM,CONFERIR EMBALAGEM,https://world.openfoodfacts.org/product/7891118012701
EAN-7898629570911,7898629570911,Bala morango ácido haribo balla sticks pacote 80g,,Balas e gomas,80 G,UN,,,0,0,PRODUTO,SIM,CONFERIR EMBALAGEM,https://world.openfoodfacts.org/product/7898629570911
EAN-7622210561909,7622210561909,"Bala morango azedinha patinhas bubbaloo pacote 82,5g",,Balas e gomas,82.5 G,UN,,,0,0,PRODUTO,SIM,CONFERIR EMBALAGEM,https://world.openfoodfacts.org/product/7622210561909
EAN-7896262301121,7896262301121,Bala morango fruit tella pacote 120g 3 unidades,,Balas e gomas,120 G,UN,,,0,0,PRODUTO,SIM,CONFERIR EMBALAGEM,https://world.openfoodfacts.org/product/7896262301121
EAN-7895144207742,7895144207742,Bala morango fruit tella pacote 92g,,Balas e gomas,92 G,UN,,,0,0,PRODUTO,SIM,CONFERIR EMBALAGEM,https://world.openfoodfacts.org/product/7895144207742
EAN-7898629570904,7898629570904,Bala morango haribo balla sticks pacote 80g,,Balas e gomas,80 G,UN,,,0,0,PRODUTO,SIM,CONFERIR EMBALAGEM,https://world.openfoodfacts.org/product/7898629570904
EAN-7622210561947,7622210561947,Bala morango patinhas bubbaloo pacote 15g,,Balas e gomas,15 G,UN,,,0,0,PRODUTO,SIM,CONFERIR EMBALAGEM,https://world.openfoodfacts.org/product/7622210561947
EAN-7622210561886,7622210561886,Bala morango patinhas bubbaloo pacote 75g,,Balas e gomas,75 G,UN,,,0,0,PRODUTO,SIM,CONFERIR EMBALAGEM,https://world.openfoodfacts.org/product/7622210561886
EAN-7896423480894,7896423480894,Bala original skittles pacote 38g,,Balas e gomas,38 G,UN,,,0,0,PRODUTO,SIM,CONFERIR EMBALAGEM,https://world.openfoodfacts.org/product/7896423480894
EAN-7896423481037,7896423481037,Bala original skittles pacote 95g,,Balas e gomas,95 G,UN,,,0,0,PRODUTO,SIM,CONFERIR EMBALAGEM,https://world.openfoodfacts.org/product/7896423481037
EAN-7896306613289,7896306613289,Bala recheio frutas sortidas tribala pacote 100g,,Balas e gomas,100 G,UN,,,0,0,PRODUTO,SIM,CONFERIR EMBALAGEM,https://world.openfoodfacts.org/product/7896306613289
EAN-7896058599695,7896058599695,Bala recheio morango ou pêssego dori lua cheia chantilly pacote 100g,,Balas e gomas,100 G,UN,,,0,0,PRODUTO,SIM,CONFERIR EMBALAGEM,https://world.openfoodfacts.org/product/7896058599695
EAN-7896306612961,7896306612961,Bala recheio uva tribala pacote 100g,,Balas e gomas,100 G,UN,,,0,0,PRODUTO,SIM,CONFERIR EMBALAGEM,https://world.openfoodfacts.org/product/7896306612961
EAN-7896058595284,7896058595284,Bala regaliz ácida morango e creme tijolo recheado dori pacote 85g,,Balas e gomas,85 G,UN,,,0,0,PRODUTO,SIM,CONFERIR EMBALAGEM,https://world.openfoodfacts.org/product/7896058595284
EAN-7896058595277,7896058595277,Bala regaliz frutas e creme flor recheada dori pacote 85g,,Balas e gomas,85 G,UN,,,0,0,PRODUTO,SIM,CONFERIR EMBALAGEM,https://world.openfoodfacts.org/product/7896058595277
EAN-7896058595291,7896058595291,Bala regaliz morango recheio creme tubo dori pacote 70g,,Balas e gomas,70 G,UN,,,0,0,PRODUTO,SIM,CONFERIR EMBALAGEM,https://world.openfoodfacts.org/product/7896058595291
EAN-7622210561862,7622210561862,"Bala sortida azedinha gatos bubbaloo pacote 82,5g",,Balas e gomas,82.5 G,UN,,,0,0,PRODUTO,SIM,CONFERIR EMBALAGEM,https://world.openfoodfacts.org/product/7622210561862
EAN-7895144207759,7895144207759,Bala sortida fruit tella pacote 92g,,Balas e gomas,92 G,UN,,,0,0,PRODUTO,SIM,CONFERIR EMBALAGEM,https://world.openfoodfacts.org/product/7895144207759
EAN-7622210561800,7622210561800,Bala sortida gatos bubbaloo pacote 15g,,Balas e gomas,15 G,UN,,,0,0,PRODUTO,SIM,CONFERIR EMBALAGEM,https://world.openfoodfacts.org/product/7622210561800
EAN-7622210561848,7622210561848,Bala sortida gatos bubbaloo pacote 75g,,Balas e gomas,75 G,UN,,,0,0,PRODUTO,SIM,CONFERIR EMBALAGEM,https://world.openfoodfacts.org/product/7622210561848
EAN-7896058503333,7896058503333,Bala tutti frutti com recheio de chicle bolete pacote 150g,,Balas e gomas,150 G,UN,,,0,0,PRODUTO,SIM,CONFERIR EMBALAGEM,https://world.openfoodfacts.org/product/7896058503333
EAN-7896058591590,7896058591590,Bala tutti frutti com recheio de chicle bolete pacote 600g,,Balas e gomas,600 G,UN,,,0,0,PRODUTO,SIM,CONFERIR EMBALAGEM,https://world.openfoodfacts.org/product/7896058591590
EAN-7622210561961,7622210561961,Bala tutti frutti patinhas bubbaloo pacote 15g,,Balas e gomas,15 G,UN,,,0,0,PRODUTO,SIM,CONFERIR EMBALAGEM,https://world.openfoodfacts.org/product/7622210561961
EAN-7622210561985,7622210561985,Bala tutti frutti patinhas bubbaloo pacote 75g,,Balas e gomas,75 G,UN,,,0,0,PRODUTO,SIM,CONFERIR EMBALAGEM,https://world.openfoodfacts.org/product/7622210561985
EAN-7896058505979,7896058505979,Bala tutti frutti recheio chicle dori bolete pacote 100g,,Balas e gomas,100 G,UN,,,0,0,PRODUTO,SIM,CONFERIR EMBALAGEM,https://world.openfoodfacts.org/product/7896058505979
EAN-7896058599299,7896058599299,Bala tutti frutti recheio chicle dori bolete pacote 400g,,Balas e gomas,400 G,UN,,,0,0,PRODUTO,SIM,CONFERIR EMBALAGEM,https://world.openfoodfacts.org/product/7896058599299
EAN-7891118025879,7891118025879,Bala tutti frutti recheio chicle poosh pacote 100g,,Balas e gomas,100 G,UN,,,0,0,PRODUTO,SIM,CONFERIR EMBALAGEM,https://world.openfoodfacts.org/product/7891118025879
EAN-7895144293080,7895144293080,Chicle mentos up2u 56g,Mentos,Balas e gomas,56 G,UN,,,0,0,PRODUTO,SIM,CONFERIR EMBALAGEM,https://world.openfoodfacts.org/product/7895144293080
EAN-7895800116258,7895800116258,Chiclete tutti frutti bubbaloo pacote 50g 10 unidades,,Balas e gomas,50 G,UN,,,0,0,PRODUTO,SIM,CONFERIR EMBALAGEM,https://world.openfoodfacts.org/product/7895800116258
EAN-7908228802402,7908228802402,Fini marshmallow torção rosa recheado 250g,Fini,Balas e gomas,250 G,UN,,,0,0,PRODUTO,SIM,CONFERIR EMBALAGEM,https://world.openfoodfacts.org/product/7908228802402
EAN-7622210617996,7622210617996,"Goma de mascar acid blueberry zero açúcar trident xsenses caixa 26,6g 14 unidades leve mais pague menos",Trident,Balas e gomas,26.6 G,UN,,,0,0,PRODUTO,SIM,CONFERIR EMBALAGEM,https://world.openfoodfacts.org/product/7622210617996
EAN-7622210573483,7622210573483,"Goma de mascar blueberry zero açúcar trident caixa 25,2g 14 unidades embalagem econômica",Trident,Balas e gomas,25.2 G,UN,,,0,0,PRODUTO,SIM,CONFERIR EMBALAGEM,https://world.openfoodfacts.org/product/7622210573483
EAN-7622210564290,7622210564290,Goma de mascar intense trident xfresh envelope 8g,Trident,Balas e gomas,8 G,UN,,,0,0,PRODUTO,SIM,CONFERIR EMBALAGEM,https://world.openfoodfacts.org/product/7622210564290
EAN-7622210696922,7622210696922,"Goma de mascar intense zero açúcar trident xfresh caixa 26,6g 14 unidades leve mais pague menos",Trident,Balas e gomas,26.6 G,UN,,,0,0,PRODUTO,SIM,CONFERIR EMBALAGEM,https://world.openfoodfacts.org/product/7622210696922
EAN-7622300847753,7622300847753,"Goma de mascar melancia zero açúcar trident caixa 25,2g 14 unidades leve mais pague menos",Trident,Balas e gomas,25.2 G,UN,,,0,0,PRODUTO,SIM,CONFERIR EMBALAGEM,https://world.openfoodfacts.org/product/7622300847753
EAN-7622300847791,7622300847791,"Goma de mascar menta zero açúcar trident caixa 25,2g 14 unidades leve mais pague menos",Trident,Balas e gomas,25.2 G,UN,,,0,0,PRODUTO,SIM,CONFERIR EMBALAGEM,https://world.openfoodfacts.org/product/7622300847791
EAN-7891962003559,7891962003559,Biscoito amanteigado chocolate bauducco pacote 335g embalagem econômica,Bis,Chocolates e doces,335 G,UN,,,0,0,PRODUTO,SIM,CONFERIR EMBALAGEM,https://world.openfoodfacts.org/product/7891962003559
EAN-7896003702590,7896003702590,Biscoito amanteigado chocolate marilan pacote 330g,Bis,Chocolates e doces,330 G,UN,,,0,0,PRODUTO,SIM,CONFERIR EMBALAGEM,https://world.openfoodfacts.org/product/7896003702590
EAN-7891962006697,7891962006697,Biscoito amanteigado com gotas de chocolate bauducco pacote 335g embalagem econômica,Bis,Chocolates e doces,335 G,UN,,,0,0,PRODUTO,SIM,CONFERIR EMBALAGEM,https://world.openfoodfacts.org/product/7891962006697
EAN-7891962068022,7891962068022,Biscoito chocolate bauducco pacote 335g,Bis,Chocolates e doces,335 G,UN,,,0,0,PRODUTO,SIM,CONFERIR EMBALAGEM,https://world.openfoodfacts.org/product/7891962068022
EAN-7891962065908,7891962065908,Biscoito chocolate recheio baunilha bauducco pacote 108g,Bis,Chocolates e doces,108 G,UN,,,0,0,PRODUTO,SIM,CONFERIR EMBALAGEM,https://world.openfoodfacts.org/product/7891962065908
EAN-7891000345658,7891000345658,Biscoito chocolate recheio baunilha negresco pacote 100g,Bis,Chocolates e doces,100 G,UN,,,0,0,PRODUTO,SIM,CONFERIR EMBALAGEM,https://world.openfoodfacts.org/product/7891000345658
EAN-7891000023808,7891000023808,Biscoito chocolate recheio baunilha negresco pacote 140g,Bis,Chocolates e doces,140 G,UN,,,0,0,PRODUTO,SIM,CONFERIR EMBALAGEM,https://world.openfoodfacts.org/product/7891000023808
EAN-7622300830083,7622300830083,Biscoito chocolate recheio baunilha oreo pacote 36g,Bis,Chocolates e doces,36 G,UN,,,0,0,PRODUTO,SIM,CONFERIR EMBALAGEM,https://world.openfoodfacts.org/product/7622300830083
EAN-7896071024822,7896071024822,Biscoito chocolate recheio baunilha toddy pacote 100g,Bis,Chocolates e doces,100 G,UN,,,0,0,PRODUTO,SIM,CONFERIR EMBALAGEM,https://world.openfoodfacts.org/product/7896071024822
EAN-7891962050089,7891962050089,Biscoito chocolate recheio brigadeiro bauducco recheadinho pacote 104g,Bis,Chocolates e doces,104 G,UN,,,0,0,PRODUTO,SIM,CONFERIR EMBALAGEM,https://world.openfoodfacts.org/product/7891962050089
EAN-7622300873455,7622300873455,Biscoito chocolate recheio chocolate oreo pacote 36g,Bis,Chocolates e doces,36 G,UN,,,0,0,PRODUTO,SIM,CONFERIR EMBALAGEM,https://world.openfoodfacts.org/product/7622300873455
EAN-7622300873554,7622300873554,Biscoito chocolate recheio chocolate oreo pacote 90g,Bis,Chocolates e doces,90 G,UN,,,0,0,PRODUTO,SIM,CONFERIR EMBALAGEM,https://world.openfoodfacts.org/product/7622300873554
EAN-7896071024839,7896071024839,Biscoito chocolate recheio chocolate toddy pacote 100g,Bis,Chocolates e doces,100 G,UN,,,0,0,PRODUTO,SIM,CONFERIR EMBALAGEM,https://world.openfoodfacts.org/product/7896071024839
EAN-7896024760388,7896024760388,Biscoito chocolate recheio coco piraquê pacote 160g,Bis,Chocolates e doces,160 G,UN,,,0,0,PRODUTO,SIM,CONFERIR EMBALAGEM,https://world.openfoodfacts.org/product/7896024760388
EAN-7891962065885,7891962065885,Biscoito chocolate recheio morango bauducco pacote 108g,Bis,Chocolates e doces,108 G,UN,,,0,0,PRODUTO,SIM,CONFERIR EMBALAGEM,https://world.openfoodfacts.org/product/7891962065885
EAN-7891000376805,7891000376805,Biscoito chocolate recheio morango negresco pacote 90g,Bis,Chocolates e doces,90 G,UN,,,0,0,PRODUTO,SIM,CONFERIR EMBALAGEM,https://world.openfoodfacts.org/product/7891000376805
EAN-7896024760401,7896024760401,Biscoito chocolate recheio pretty piraquê pacote 160g,Bis,Chocolates e doces,160 G,UN,,,0,0,PRODUTO,SIM,CONFERIR EMBALAGEM,https://world.openfoodfacts.org/product/7896024760401
EAN-7891000367773,7891000367773,Biscoito cobertura chocolate branco calipso pacote 130g,Bis,Chocolates e doces,130 G,UN,,,0,0,PRODUTO,SIM,CONFERIR EMBALAGEM,https://world.openfoodfacts.org/product/7891000367773
EAN-7891000339596,7891000339596,Biscoito cookie baunilha com chocolate classic pacote 60g,Bis,Chocolates e doces,60 G,UN,,,0,0,PRODUTO,SIM,CONFERIR EMBALAGEM,https://world.openfoodfacts.org/product/7891000339596
EAN-7896085086885,7896085086885,Biscoito cookie chocolate com gotas de chocolate adria pacote 80g,Bis,Chocolates e doces,80 G,UN,,,0,0,PRODUTO,SIM,CONFERIR EMBALAGEM,https://world.openfoodfacts.org/product/7896085086885
EAN-7892840818807,7892840818807,Biscoito cookie chocolate com gotas de chocolate toddy chocoxtreme pacote 71g,Bis,Chocolates e doces,71 G,UN,,,0,0,PRODUTO,SIM,CONFERIR EMBALAGEM,https://world.openfoodfacts.org/product/7892840818807
EAN-7622210754714,7622210754714,Biscoito cookie chocolate com gotas de laka lacta pacote 80g,Bis,Chocolates e doces,80 G,UN,,,0,0,PRODUTO,SIM,CONFERIR EMBALAGEM,https://world.openfoodfacts.org/product/7622210754714
EAN-7896024760227,7896024760227,Biscoito cookie chocolate piraquê pacote 60g,Bis,Chocolates e doces,60 G,UN,,,0,0,PRODUTO,SIM,CONFERIR EMBALAGEM,https://world.openfoodfacts.org/product/7896024760227
EAN-7896283000898,7896283000898,Biscoito cookie vegano integral chocolate com gotas de chocolate jasmine pacote 120g,Bis,Chocolates e doces,120 G,UN,,,0,0,PRODUTO,SIM,CONFERIR EMBALAGEM,https://world.openfoodfacts.org/product/7896283000898
EAN-7891000912805,7891000912805,Biscoito leite cobertura chocolate ao leite passatempo pacote 120g,Bis,Chocolates e doces,120 G,UN,,,0,0,PRODUTO,SIM,CONFERIR EMBALAGEM,https://world.openfoodfacts.org/product/7891000912805
EAN-7891962068046,7891962068046,Biscoito leite com gotas de chocolate bauducco pacote 335g,Bis,Chocolates e doces,335 G,UN,,,0,0,PRODUTO,SIM,CONFERIR EMBALAGEM,https://world.openfoodfacts.org/product/7891962068046
EAN-7896024760333,7896024760333,Biscoito leite maltado chocolate piraquê pacote 160g,Bis,Chocolates e doces,160 G,UN,,,0,0,PRODUTO,SIM,CONFERIR EMBALAGEM,https://world.openfoodfacts.org/product/7896024760333
EAN-7896213006419,7896213006419,Biscoito maizena chocolate vitarella pacote 350g,Bis,Chocolates e doces,350 G,UN,,,0,0,PRODUTO,SIM,CONFERIR EMBALAGEM,https://world.openfoodfacts.org/product/7896213006419
EAN-7896213006372,7896213006372,Biscoito maria chocolate vitarella pacote 350g,Bis,Chocolates e doces,350 G,UN,,,0,0,PRODUTO,SIM,CONFERIR EMBALAGEM,https://world.openfoodfacts.org/product/7896213006372
EAN-7896085086632,7896085086632,Biscoito recheio chocolate adria tortinhas pacote 140g,Bis,Chocolates e doces,140 G,UN,,,0,0,PRODUTO,SIM,CONFERIR EMBALAGEM,https://world.openfoodfacts.org/product/7896085086632
EAN-7896085086496,7896085086496,Biscoito recheio chocolate ao leite adria mousse pacote 130g,Bis,Chocolates e doces,130 G,UN,,,0,0,PRODUTO,SIM,CONFERIR EMBALAGEM,https://world.openfoodfacts.org/product/7896085086496
EAN-7891000305232,7891000305232,Biscoito recheio chocolate bono pacote 126g,Bis,Chocolates e doces,126 G,UN,,,0,0,PRODUTO,SIM,CONFERIR EMBALAGEM,https://world.openfoodfacts.org/product/7891000305232
EAN-7891000376843,7891000376843,Biscoito recheio chocolate bono pacote 90g,Bis,Chocolates e doces,90 G,UN,,,0,0,PRODUTO,SIM,CONFERIR EMBALAGEM,https://world.openfoodfacts.org/product/7891000376843
EAN-7896085086533,7896085086533,Biscoito recheio chocolate branco adria tortinhas pacote 140g,Bis,Chocolates e doces,140 G,UN,,,0,0,PRODUTO,SIM,CONFERIR EMBALAGEM,https://world.openfoodfacts.org/product/7896085086533
EAN-7622210592668,7622210592668,Biscoito recheio chocolate branco e preto trakinas meio a meio pacote 126g,Bis,Chocolates e doces,126 G,UN,,,0,0,PRODUTO,SIM,CONFERIR EMBALAGEM,https://world.openfoodfacts.org/product/7622210592668
EAN-7622300747442,7622300747442,Biscoito recheio chocolate chocolícia pacote 143g,Bis,Chocolates e doces,143 G,UN,,,0,0,PRODUTO,SIM,CONFERIR EMBALAGEM,https://world.openfoodfacts.org/product/7622300747442
EAN-7896085086601,7896085086601,Biscoito recheio chocolate e avelã adria tortinhas pacote 140g,Bis,Chocolates e doces,140 G,UN,,,0,0,PRODUTO,SIM,CONFERIR EMBALAGEM,https://world.openfoodfacts.org/product/7896085086601
EAN-7896003702057,7896003702057,Biscoito recheio chocolate marilan tortinhas pacote 160g,Bis,Chocolates e doces,160 G,UN,,,0,0,PRODUTO,SIM,CONFERIR EMBALAGEM,https://world.openfoodfacts.org/product/7896003702057
EAN-7896085086526,7896085086526,Biscoito recheio chocolate meio amargo adria mousse pacote 130g,Bis,Chocolates e doces,130 G,UN,,,0,0,PRODUTO,SIM,CONFERIR EMBALAGEM,https://world.openfoodfacts.org/product/7896085086526
EAN-7891000345849,7891000345849,Biscoito recheio chocolate negresco eclipse pacote 100g,Bis,Chocolates e doces,100 G,UN,,,0,0,PRODUTO,SIM,CONFERIR EMBALAGEM,https://world.openfoodfacts.org/product/7891000345849
EAN-7891000377130,7891000377130,Biscoito recheio chocolate negresco pacote 90g,Bis,Chocolates e doces,90 G,UN,,,0,0,PRODUTO,SIM,CONFERIR EMBALAGEM,https://world.openfoodfacts.org/product/7891000377130
EAN-7896024760357,7896024760357,Biscoito recheio chocolate piraquê pacote 160g,Bis,Chocolates e doces,160 G,UN,,,0,0,PRODUTO,SIM,CONFERIR EMBALAGEM,https://world.openfoodfacts.org/product/7896024760357
EAN-7896024761309,7896024761309,Biscoito recheio chocolate piraquê pacote 76g,Bis,Chocolates e doces,76 G,UN,,,0,0,PRODUTO,SIM,CONFERIR EMBALAGEM,https://world.openfoodfacts.org/product/7896024761309
EAN-7891000321201,7891000321201,Biscoito recheio doce de leite cobertura chocolate ao leite bono pacote 109g,Bis,Chocolates e doces,109 G,UN,,,0,0,PRODUTO,SIM,CONFERIR EMBALAGEM,https://world.openfoodfacts.org/product/7891000321201
EAN-7896085086502,7896085086502,Biscoito recheio limão com chocolate adria mousse pacote 130g,Bis,Chocolates e doces,130 G,UN,,,0,0,PRODUTO,SIM,CONFERIR EMBALAGEM,https://world.openfoodfacts.org/product/7896085086502
EAN-7896085086519,7896085086519,Biscoito recheio morango com chocolate adria mousse pacote 130g,Bis,Chocolates e doces,130 G,UN,,,0,0,PRODUTO,SIM,CONFERIR EMBALAGEM,https://world.openfoodfacts.org/product/7896085086519
EAN-7896071025065,7896071025065,Biscoito rosquinha chocolate mabel pacote 350g,Bis,Chocolates e doces,350 G,UN,,,0,0,PRODUTO,SIM,CONFERIR EMBALAGEM,https://world.openfoodfacts.org/product/7896071025065
EAN-7896003738988,7896003738988,Biscoito rosquinha chocolate marilan pacote 350g,Bis,Chocolates e doces,350 G,UN,,,0,0,PRODUTO,SIM,CONFERIR EMBALAGEM,https://world.openfoodfacts.org/product/7896003738988
EAN-7896085086953,7896085086953,Biscoito wafer chocolate ao leite adria pacote 90g,Bis,Chocolates e doces,90 G,UN,,,0,0,PRODUTO,SIM,CONFERIR EMBALAGEM,https://world.openfoodfacts.org/product/7896085086953
EAN-7896071025416,7896071025416,Biscoito wafer chocolate recheio morango toddy pacote 94g,Bis,Chocolates e doces,94 G,UN,,,0,0,PRODUTO,SIM,CONFERIR EMBALAGEM,https://world.openfoodfacts.org/product/7896071025416
EAN-7896085073915,7896085073915,Biscoito wafer recheio chocolate adria pacote 100g,Bis,Chocolates e doces,100 G,UN,,,0,0,PRODUTO,SIM,CONFERIR EMBALAGEM,https://world.openfoodfacts.org/product/7896085073915
EAN-7891962048192,7891962048192,Biscoito wafer recheio chocolate bauducco maxi pacote 117g,Bis,Chocolates e doces,117 G,UN,,,0,0,PRODUTO,SIM,CONFERIR EMBALAGEM,https://world.openfoodfacts.org/product/7891962048192
EAN-7896085086984,7896085086984,Biscoito wafer recheio chocolate branco adria pacote 90g,Bis,Chocolates e doces,90 G,UN,,,0,0,PRODUTO,SIM,CONFERIR EMBALAGEM,https://world.openfoodfacts.org/product/7896085086984
EAN-7891000081242,7891000081242,Biscoito wafer recheio chocolate passatempo pacote 20g,Bis,Chocolates e doces,20 G,UN,,,0,0,PRODUTO,SIM,CONFERIR EMBALAGEM,https://world.openfoodfacts.org/product/7891000081242
EAN-7896024760647,7896024760647,Biscoito wafer recheio chocolate piraquê pacote 100g,Bis,Chocolates e doces,100 G,UN,,,0,0,PRODUTO,SIM,CONFERIR EMBALAGEM,https://world.openfoodfacts.org/product/7896024760647
EAN-7896043001264,7896043001264,Biscoito wafer recheio chocolate sem glúten zero lactose belfar pacote 50g,Bis,Chocolates e doces,50 G,UN,,,0,0,PRODUTO,SIM,CONFERIR EMBALAGEM,https://world.openfoodfacts.org/product/7896043001264
EAN-7896071025386,7896071025386,Biscoito wafer recheio chocolate toddy pacote 94g,Bis,Chocolates e doces,94 G,UN,,,0,0,PRODUTO,SIM,CONFERIR EMBALAGEM,https://world.openfoodfacts.org/product/7896071025386
EAN-7622210411501,7622210411501,Bombom lacta 5 star pacote 40g,Lacta,Chocolates e doces,40 G,UN,,,0,0,PRODUTO,SIM,CONFERIR EMBALAGEM,https://world.openfoodfacts.org/product/7622210411501
EAN-7896423405491,7896423405491,Bombom triplo chocolate twix pacote 40g,Twix,Chocolates e doces,40 G,UN,,,0,0,PRODUTO,SIM,CONFERIR EMBALAGEM,https://world.openfoodfacts.org/product/7896423405491
EAN-7896423471656,7896423471656,Bombom triplo chocolate twix pacote 80g 4 unidades,Twix,Chocolates e doces,80 G,UN,,,0,0,PRODUTO,SIM,CONFERIR EMBALAGEM,https://world.openfoodfacts.org/product/7896423471656
EAN-7896423470994,7896423470994,Bombom twix pacote 40g,Twix,Chocolates e doces,40 G,UN,,,0,0,PRODUTO,SIM,CONFERIR EMBALAGEM,https://world.openfoodfacts.org/product/7896423470994
EAN-7896423451191,7896423451191,Bombom twix pacote 80g 4 unidades,Twix,Chocolates e doces,80 G,UN,,,0,0,PRODUTO,SIM,CONFERIR EMBALAGEM,https://world.openfoodfacts.org/product/7896423451191
EAN-7622210570536,7622210570536,Chocolate 40 cacau avelã crocante de cacau lacta intense nuts pacote 85g,Lacta,Chocolates e doces,85 G,UN,,,0,0,PRODUTO,SIM,CONFERIR EMBALAGEM,https://world.openfoodfacts.org/product/7622210570536
EAN-7622210699992,7622210699992,Chocolate 40 cacau original lacta intense pacote 85g,Lacta,Chocolates e doces,85 G,UN,,,0,0,PRODUTO,SIM,CONFERIR EMBALAGEM,https://world.openfoodfacts.org/product/7622210699992
EAN-7891008124828,7891008124828,Chocolate ao leite caju e passas garoto pacote 80g,Garoto,Chocolates e doces,80 G,UN,,,0,0,PRODUTO,SIM,CONFERIR EMBALAGEM,https://world.openfoodfacts.org/product/7891008124828
EAN-7891008124873,7891008124873,Chocolate ao leite choco croc garoto baton pacote 80g,Garoto,Chocolates e doces,80 G,UN,,,0,0,PRODUTO,SIM,CONFERIR EMBALAGEM,https://world.openfoodfacts.org/product/7891008124873
EAN-7891008123302,7891008123302,Chocolate ao leite com amêndoas e passas garoto talento pacote 90g,Garoto,Chocolates e doces,90 G,UN,,,0,0,PRODUTO,SIM,CONFERIR EMBALAGEM,https://world.openfoodfacts.org/product/7891008123302
EAN-7891008114812,7891008114812,Chocolate ao leite com amendoim garoto pacote 90g,Garoto,Chocolates e doces,90 G,UN,,,0,0,PRODUTO,SIM,CONFERIR EMBALAGEM,https://world.openfoodfacts.org/product/7891008114812
EAN-7622210709523,7622210709523,Chocolate ao leite com amendoim lacta shot pacote 165g tamanho família,Lacta,Chocolates e doces,165 G,UN,,,0,0,PRODUTO,SIM,CONFERIR EMBALAGEM,https://world.openfoodfacts.org/product/7622210709523
EAN-7622300862329,7622300862329,Chocolate ao leite com amendoim lacta shot pacote 20g,Lacta,Chocolates e doces,20 G,UN,,,0,0,PRODUTO,SIM,CONFERIR EMBALAGEM,https://world.openfoodfacts.org/product/7622300862329
EAN-7622210674395,7622210674395,Chocolate ao leite com amendoim lacta shot pacote 80g,Lacta,Chocolates e doces,80 G,UN,,,0,0,PRODUTO,SIM,CONFERIR EMBALAGEM,https://world.openfoodfacts.org/product/7622210674395
EAN-7622300991371,7622300991371,Chocolate ao leite com amendoim lacta shot pacote 90g,Lacta,Chocolates e doces,90 G,UN,,,0,0,PRODUTO,SIM,CONFERIR EMBALAGEM,https://world.openfoodfacts.org/product/7622300991371
EAN-7891008124170,7891008124170,Chocolate ao leite com castanha de caju garoto pacote 80g,Garoto,Chocolates e doces,80 G,UN,,,0,0,PRODUTO,SIM,CONFERIR EMBALAGEM,https://world.openfoodfacts.org/product/7891008124170
EAN-7891008124538,7891008124538,Chocolate ao leite com cookies garoto baton pacote 80g,Garoto,Chocolates e doces,80 G,UN,,,0,0,PRODUTO,SIM,CONFERIR EMBALAGEM,https://world.openfoodfacts.org/product/7891008124538
EAN-7622210961679,7622210961679,Chocolate ao leite e branco lacta laka diamante negro pacote 90g,Lacta,Chocolates e doces,90 G,UN,,,0,0,PRODUTO,SIM,CONFERIR EMBALAGEM,https://world.openfoodfacts.org/product/7622210961679
EAN-7891008312003,7891008312003,Chocolate ao leite garoto chocolateria pacote 1kg,Garoto,Chocolates e doces,1 KG,UN,,,0,0,PRODUTO,SIM,CONFERIR EMBALAGEM,https://world.openfoodfacts.org/product/7891008312003
EAN-7891008349023,7891008349023,Chocolate ao leite garoto chocolateria pacote 500g,Garoto,Chocolates e doces,500 G,UN,,,0,0,PRODUTO,SIM,CONFERIR EMBALAGEM,https://world.openfoodfacts.org/product/7891008349023
EAN-7891008124071,7891008124071,Chocolate ao leite garoto crocante pacote 80g,Garoto,Chocolates e doces,80 G,UN,,,0,0,PRODUTO,SIM,CONFERIR EMBALAGEM,https://world.openfoodfacts.org/product/7891008124071
EAN-7891008123975,7891008123975,Chocolate ao leite garoto pacote 80g,Garoto,Chocolates e doces,80 G,UN,,,0,0,PRODUTO,SIM,CONFERIR EMBALAGEM,https://world.openfoodfacts.org/product/7891008123975
EAN-7622300862282,7622300862282,Chocolate ao leite lacta diamante negro pacote 20g,Lacta,Chocolates e doces,20 G,UN,,,0,0,PRODUTO,SIM,CONFERIR EMBALAGEM,https://world.openfoodfacts.org/product/7622300862282
EAN-7622210573322,7622210573322,Chocolate ao leite lacta diamante negro pacote 34g,Lacta,Chocolates e doces,34 G,UN,,,0,0,PRODUTO,SIM,CONFERIR EMBALAGEM,https://world.openfoodfacts.org/product/7622210573322
EAN-7622210674050,7622210674050,Chocolate ao leite lacta diamante negro pacote 80g,Lacta,Chocolates e doces,80 G,UN,,,0,0,PRODUTO,SIM,CONFERIR EMBALAGEM,https://world.openfoodfacts.org/product/7622210674050
EAN-7622210573384,7622210573384,Chocolate ao leite lacta pacote 34g,Lacta,Chocolates e doces,34 G,UN,,,0,0,PRODUTO,SIM,CONFERIR EMBALAGEM,https://world.openfoodfacts.org/product/7622210573384
EAN-7622300991456,7622300991456,Chocolate ao leite lacta pacote 90g,Lacta,Chocolates e doces,90 G,UN,,,0,0,PRODUTO,SIM,CONFERIR EMBALAGEM,https://world.openfoodfacts.org/product/7622300991456
EAN-7891008121971,7891008121971,Chocolate ao leite recheio cookies cream garoto talento pacote 85g,Garoto,Chocolates e doces,85 G,UN,,,0,0,PRODUTO,SIM,CONFERIR EMBALAGEM,https://world.openfoodfacts.org/product/7891008121971
EAN-7891008122022,7891008122022,Chocolate ao leite recheio creme de avelã garoto talento pacote 85g,Garoto,Chocolates e doces,85 G,UN,,,0,0,PRODUTO,SIM,CONFERIR EMBALAGEM,https://world.openfoodfacts.org/product/7891008122022
EAN-7891008121926,7891008121926,Chocolate ao leite recheio maracujá garoto talento pacote 85g,Garoto,Chocolates e doces,85 G,UN,,,0,0,PRODUTO,SIM,CONFERIR EMBALAGEM,https://world.openfoodfacts.org/product/7891008121926
EAN-7622210567567,7622210567567,Chocolate ao leite recheio oreo lacta pacote 90g,Oreo,Chocolates e doces,90 G,UN,,,0,0,PRODUTO,SIM,CONFERIR EMBALAGEM,https://world.openfoodfacts.org/product/7622210567567
EAN-7891008123463,7891008123463,Chocolate ao leite recheio tiramisu garoto talento pacote 85g,Garoto,Chocolates e doces,85 G,UN,,,0,0,PRODUTO,SIM,CONFERIR EMBALAGEM,https://world.openfoodfacts.org/product/7891008123463
EAN-7891008123418,7891008123418,Chocolate ao leite recheio torta holandesa garoto talento pacote 85g,Garoto,Chocolates e doces,85 G,UN,,,0,0,PRODUTO,SIM,CONFERIR EMBALAGEM,https://world.openfoodfacts.org/product/7891008123418
EAN-7891008116991,7891008116991,Chocolate blend garoto chocolateria pacote 500g,Garoto,Chocolates e doces,500 G,UN,,,0,0,PRODUTO,SIM,CONFERIR EMBALAGEM,https://world.openfoodfacts.org/product/7891008116991
EAN-7891008124477,7891008124477,Chocolate branco com biscoito negresco garoto pacote 80g,Bis,Chocolates e doces,80 G,UN,,,0,0,PRODUTO,SIM,CONFERIR EMBALAGEM,https://world.openfoodfacts.org/product/7891008124477
EAN-7891008166330,7891008166330,Chocolate branco com biscoito negresco garoto pacote 90g,Bis,Chocolates e doces,90 G,UN,,,0,0,PRODUTO,SIM,CONFERIR EMBALAGEM,https://world.openfoodfacts.org/product/7891008166330
EAN-7622210674357,7622210674357,Chocolate branco com biscoito oreo lacta laka pacote 80g,Bis,Chocolates e doces,80 G,UN,,,0,0,PRODUTO,SIM,CONFERIR EMBALAGEM,https://world.openfoodfacts.org/product/7622210674357
EAN-7891008350029,7891008350029,Chocolate branco garoto chocolateria pacote 500g,Garoto,Chocolates e doces,500 G,UN,,,0,0,PRODUTO,SIM,CONFERIR EMBALAGEM,https://world.openfoodfacts.org/product/7891008350029
EAN-7891008125214,7891008125214,Chocolate branco garoto pacote 80g,Garoto,Chocolates e doces,80 G,UN,,,0,0,PRODUTO,SIM,CONFERIR EMBALAGEM,https://world.openfoodfacts.org/product/7891008125214
EAN-7622300862442,7622300862442,Chocolate branco lacta laka pacote 20g,Lacta,Chocolates e doces,20 G,UN,,,0,0,PRODUTO,SIM,CONFERIR EMBALAGEM,https://world.openfoodfacts.org/product/7622300862442
EAN-7622210573353,7622210573353,Chocolate branco lacta laka pacote 34g,Lacta,Chocolates e doces,34 G,UN,,,0,0,PRODUTO,SIM,CONFERIR EMBALAGEM,https://world.openfoodfacts.org/product/7622210573353
EAN-7622210674319,7622210674319,Chocolate branco lacta laka pacote 80g,Lacta,Chocolates e doces,80 G,UN,,,0,0,PRODUTO,SIM,CONFERIR EMBALAGEM,https://world.openfoodfacts.org/product/7622210674319
EAN-7896423451535,7896423451535,Chocolate caramelo bacon snickers pacote 42g,Snickers,Chocolates e doces,42 G,UN,,,0,0,PRODUTO,SIM,CONFERIR EMBALAGEM,https://world.openfoodfacts.org/product/7896423451535
EAN-7896423465655,7896423465655,Chocolate coco snickers pacote 42g,Snickers,Chocolates e doces,42 G,UN,,,0,0,PRODUTO,SIM,CONFERIR EMBALAGEM,https://world.openfoodfacts.org/product/7896423465655
EAN-7896423481853,7896423481853,Chocolate dark snickers pacote 42g,Snickers,Chocolates e doces,42 G,UN,,,0,0,PRODUTO,SIM,CONFERIR EMBALAGEM,https://world.openfoodfacts.org/product/7896423481853
EAN-7622210674432,7622210674432,Chocolate meio amargo 40 cacau lacta amaro pacote 80g,Lacta,Chocolates e doces,80 G,UN,,,0,0,PRODUTO,SIM,CONFERIR EMBALAGEM,https://world.openfoodfacts.org/product/7622210674432
EAN-7622210961716,7622210961716,Chocolate meio amargo 40 cacau lacta amaro pacote 90g,Lacta,Chocolates e doces,90 G,UN,,,0,0,PRODUTO,SIM,CONFERIR EMBALAGEM,https://world.openfoodfacts.org/product/7622210961716
EAN-7891008351026,7891008351026,Chocolate meio amargo garoto chocolateria pacote 500g,Garoto,Chocolates e doces,500 G,UN,,,0,0,PRODUTO,SIM,CONFERIR EMBALAGEM,https://world.openfoodfacts.org/product/7891008351026
EAN-7891008124026,7891008124026,Chocolate meio amargo garoto pacote 80g,Garoto,Chocolates e doces,80 G,UN,,,0,0,PRODUTO,SIM,CONFERIR EMBALAGEM,https://world.openfoodfacts.org/product/7891008124026
EAN-7896423459012,7896423459012,Chocolate mousse de limão snickers pacote 42g,Snickers,Chocolates e doces,42 G,UN,,,0,0,PRODUTO,SIM,CONFERIR EMBALAGEM,https://world.openfoodfacts.org/product/7896423459012
EAN-7896423456561,7896423456561,Chocolate mousse de maracujá snickers pacote 42g,Snickers,Chocolates e doces,42 G,UN,,,0,0,PRODUTO,SIM,CONFERIR EMBALAGEM,https://world.openfoodfacts.org/product/7896423456561
EAN-7896423497984,7896423497984,Chocolate pé de moleque snickers pacote 42g,Snickers,Chocolates e doces,42 G,UN,,,0,0,PRODUTO,SIM,CONFERIR EMBALAGEM,https://world.openfoodfacts.org/product/7896423497984
EAN-7896423420159,7896423420159,Chocolate snickers pacote 45g,Snickers,Chocolates e doces,45 G,UN,,,0,0,PRODUTO,SIM,CONFERIR EMBALAGEM,https://world.openfoodfacts.org/product/7896423420159
EAN-7896423420326,7896423420326,Chocolate snickers pacote 78g 2 unidades,Snickers,Chocolates e doces,78 G,UN,,,0,0,PRODUTO,SIM,CONFERIR EMBALAGEM,https://world.openfoodfacts.org/product/7896423420326
EAN-7622210831439,7622210831439,Miniovos de chocolate ao leite lacta pacote 104g,Lacta,Chocolates e doces,104 G,UN,,,0,0,PRODUTO,SIM,CONFERIR EMBALAGEM,https://world.openfoodfacts.org/product/7622210831439
EAN-7622300873509,7622300873509,Pack biscoito chocolate recheio chocolate oreo pacote 144g 4 unidades,Bis,Chocolates e doces,144 G,UN,,,0,0,PRODUTO,SIM,CONFERIR EMBALAGEM,https://world.openfoodfacts.org/product/7622300873509
EAN-7622300989446,7622300989446,Pack biscoito chocolate recheio milkshake de morango oreo pacote 144g 4 unidades,Bis,Chocolates e doces,144 G,UN,,,0,0,PRODUTO,SIM,CONFERIR EMBALAGEM,https://world.openfoodfacts.org/product/7622300989446
EAN-7622210572066,7622210572066,"Wafer cobertura chocolate branco lacta bisão pacote 201,6g",Bis,Chocolates e doces,201.6 G,UN,,,0,0,PRODUTO,SIM,CONFERIR EMBALAGEM,https://world.openfoodfacts.org/product/7622210572066
EAN-7891000248843,7891000248843,"Wafer dark kitkat pacote 41,5g",KitKat,Chocolates e doces,41.5 G,UN,,,0,0,PRODUTO,SIM,CONFERIR EMBALAGEM,https://world.openfoodfacts.org/product/7891000248843
EAN-7622300988517,7622300988517,Wafer oreo cobertura chocolate branco e biscoito lacta bis xtra pacote 45g,Bis,Chocolates e doces,45 G,UN,,,0,0,PRODUTO,SIM,CONFERIR EMBALAGEM,https://world.openfoodfacts.org/product/7622300988517
EAN-7622210572080,7622210572080,"Wafer recheio e cobertura chocolate lacta bisão pacote 201,6g",Bis,Chocolates e doces,201.6 G,UN,,,0,0,PRODUTO,SIM,CONFERIR EMBALAGEM,https://world.openfoodfacts.org/product/7622210572080
EAN-7892840819415,7892840819415,Achocolatado pó twix toddy pote 350g,Twix,Chocolates e doces,350 G,UN,,,0,0,PRODUTO,SIM,CONFERIR EMBALAGEM,https://world.openfoodfacts.org/product/7892840819415
EAN-7896024760883,7896024760883,Bisc cookie chocolate 80g piraque,Bis,Chocolates e doces,80 G,UN,,,0,0,PRODUTO,SIM,CONFERIR EMBALAGEM,https://world.openfoodfacts.org/product/7896024760883
EAN-7896085053269,7896085053269,Biscoito água e sal adria pacote 200g,Bis,Biscoitos,200 G,UN,,,0,0,PRODUTO,SIM,CONFERIR EMBALAGEM,https://world.openfoodfacts.org/product/7896085053269
EAN-7896058202557,7896058202557,Biscoito água e sal arcor triunfo pacote 200g,Bis,Biscoitos,200 G,UN,,,0,0,PRODUTO,SIM,CONFERIR EMBALAGEM,https://world.openfoodfacts.org/product/7896058202557
EAN-7891962014999,7891962014999,Biscoito água e sal bauducco levíssimo pacote 200g,Bis,Biscoitos,200 G,UN,,,0,0,PRODUTO,SIM,CONFERIR EMBALAGEM,https://world.openfoodfacts.org/product/7891962014999
EAN-7896003739183,7896003739183,Biscoito água e sal marilan pacote 140g,Bis,Biscoitos,140 G,UN,,,0,0,PRODUTO,SIM,CONFERIR EMBALAGEM,https://world.openfoodfacts.org/product/7896003739183
EAN-7896003739190,7896003739190,Biscoito água e sal marilan pacote 300g,Bis,Biscoitos,300 G,UN,,,0,0,PRODUTO,SIM,CONFERIR EMBALAGEM,https://world.openfoodfacts.org/product/7896003739190
EAN-7896003738636,7896003738636,Biscoito água e sal marilan pacote 350g,Bis,Biscoitos,350 G,UN,,,0,0,PRODUTO,SIM,CONFERIR EMBALAGEM,https://world.openfoodfacts.org/product/7896003738636
EAN-7896003703245,7896003703245,Biscoito água e sal marilan pacote 400g,Bis,Biscoitos,400 G,UN,,,0,0,PRODUTO,SIM,CONFERIR EMBALAGEM,https://world.openfoodfacts.org/product/7896003703245
EAN-7896213006242,7896213006242,Biscoito água e sal tradicional vitarella pacote 350g,Bis,Biscoitos,350 G,UN,,,0,0,PRODUTO,SIM,CONFERIR EMBALAGEM,https://world.openfoodfacts.org/product/7896213006242
EAN-7896213000677,7896213000677,Biscoito água e sal tradicional vitarella pacote 400g,Bis,Biscoitos,400 G,UN,,,0,0,PRODUTO,SIM,CONFERIR EMBALAGEM,https://world.openfoodfacts.org/product/7896213000677
EAN-7891168100069,7891168100069,Biscoito água tostines pacote 200g,Bis,Biscoitos,200 G,UN,,,0,0,PRODUTO,SIM,CONFERIR EMBALAGEM,https://world.openfoodfacts.org/product/7891168100069
EAN-7891962010175,7891962010175,Biscoito amanteigado banana com canela bauducco pacote 375g embalagem econômica,Bis,Biscoitos,375 G,UN,,,0,0,PRODUTO,SIM,CONFERIR EMBALAGEM,https://world.openfoodfacts.org/product/7891962010175
EAN-7891962003566,7891962003566,Biscoito amanteigado leite bauducco pacote 335g embalagem econômica,Bis,Biscoitos,335 G,UN,,,0,0,PRODUTO,SIM,CONFERIR EMBALAGEM,https://world.openfoodfacts.org/product/7891962003566
EAN-7898340610675,7898340610675,Biscoito amanteigado rosquinha 2 castanhas brasileiras empório do cerrado pacote 250g,Bis,Biscoitos,250 G,UN,,,0,0,PRODUTO,SIM,CONFERIR EMBALAGEM,https://world.openfoodfacts.org/product/7898340610675
EAN-7896003738957,7896003738957,Biscoito amanteigado tradicional marilan pacote 280g,Bis,Biscoitos,280 G,UN,,,0,0,PRODUTO,SIM,CONFERIR EMBALAGEM,https://world.openfoodfacts.org/product/7896003738957
EAN-7891962068053,7891962068053,Biscoito banana com canela bauducco pacote 375g,Bis,Biscoitos,375 G,UN,,,0,0,PRODUTO,SIM,CONFERIR EMBALAGEM,https://world.openfoodfacts.org/product/7891962068053
EAN-7896024723802,7896024723802,Biscoito bichinhos piraquê pacote 100g,Bis,Biscoitos,100 G,UN,,,0,0,PRODUTO,SIM,CONFERIR EMBALAGEM,https://world.openfoodfacts.org/product/7896024723802
EAN-7898951310353,7898951310353,Biscoito cantuccini nut pacote 120g,Bis,Biscoitos,120 G,UN,,,0,0,PRODUTO,SIM,CONFERIR EMBALAGEM,https://world.openfoodfacts.org/product/7898951310353
EAN-7898144110029,7898144110029,Biscoito caseiro ellen pacote 150g,Bis,Biscoitos,150 G,UN,,,0,0,PRODUTO,SIM,CONFERIR EMBALAGEM,https://world.openfoodfacts.org/product/7898144110029
EAN-7891000329498,7891000329498,Biscoito coco tostines pacote 160g,Bis,Biscoitos,160 G,UN,,,0,0,PRODUTO,SIM,CONFERIR EMBALAGEM,https://world.openfoodfacts.org/product/7891000329498
EAN-7891000350119,7891000350119,Biscoito cookie alpino nestlé pacote 60g,Bis,Biscoitos,60 G,UN,,,0,0,PRODUTO,SIM,CONFERIR EMBALAGEM,https://world.openfoodfacts.org/product/7891000350119
EAN-7622210578105,7622210578105,Biscoito cookie diamante negro lacta pacote 80g,Bis,Biscoitos,80 G,UN,,,0,0,PRODUTO,SIM,CONFERIR EMBALAGEM,https://world.openfoodfacts.org/product/7622210578105
EAN-7891000350072,7891000350072,Biscoito cookie galak nestlé pacote 60g,Bis,Biscoitos,60 G,UN,,,0,0,PRODUTO,SIM,CONFERIR EMBALAGEM,https://world.openfoodfacts.org/product/7891000350072
EAN-7891962055053,7891962055053,Biscoito cookie integral aveia e passas bauducco cereale pacote 60g,Bis,Biscoitos,60 G,UN,,,0,0,PRODUTO,SIM,CONFERIR EMBALAGEM,https://world.openfoodfacts.org/product/7891962055053
EAN-7891962067674,7891962067674,Biscoito cookie integral cacau e avelã bauducco cereale pacote 80g,Bis,Biscoitos,80 G,UN,,,0,0,PRODUTO,SIM,CONFERIR EMBALAGEM,https://world.openfoodfacts.org/product/7891962067674
EAN-7896066305745,7896066305745,Biscoito cookie integral maçã canela wickbold pacote 60g,Bis,Biscoitos,60 G,UN,,,0,0,PRODUTO,SIM,CONFERIR EMBALAGEM,https://world.openfoodfacts.org/product/7896066305745
EAN-7891000339558,7891000339558,Biscoito cookie nescau duo nestlé pacote 60g,Bis,Biscoitos,60 G,UN,,,0,0,PRODUTO,SIM,CONFERIR EMBALAGEM,https://world.openfoodfacts.org/product/7891000339558
EAN-7891000339190,7891000339190,Biscoito cookie nescau nestlé pacote 60g,Bis,Biscoitos,60 G,UN,,,0,0,PRODUTO,SIM,CONFERIR EMBALAGEM,https://world.openfoodfacts.org/product/7891000339190
EAN-7896085086878,7896085086878,Biscoito cookie original adria pacote 80g,Bis,Biscoitos,80 G,UN,,,0,0,PRODUTO,SIM,CONFERIR EMBALAGEM,https://world.openfoodfacts.org/product/7896085086878
EAN-7891962054100,7891962054100,Biscoito cookie original bauducco pacote 100g,Bis,Biscoitos,100 G,UN,,,0,0,PRODUTO,SIM,CONFERIR EMBALAGEM,https://world.openfoodfacts.org/product/7891962054100
EAN-7891000255346,7891000255346,Biscoito cookie original garoto pacote 60g,Bis,Biscoitos,60 G,UN,,,0,0,PRODUTO,SIM,CONFERIR EMBALAGEM,https://world.openfoodfacts.org/product/7891000255346
EAN-7896024760876,7896024760876,Biscoito cookie original piraquê pacote 80g,Bis,Biscoitos,80 G,UN,,,0,0,PRODUTO,SIM,CONFERIR EMBALAGEM,https://world.openfoodfacts.org/product/7896024760876
EAN-7892840818623,7892840818623,Biscoito cookie original toddy pacote 133g embalagem econômica,Bis,Biscoitos,133 G,UN,,,0,0,PRODUTO,SIM,CONFERIR EMBALAGEM,https://world.openfoodfacts.org/product/7892840818623
EAN-7892840818630,7892840818630,Biscoito cookie original toddy pacote 38g,Bis,Biscoitos,38 G,UN,,,0,0,PRODUTO,SIM,CONFERIR EMBALAGEM,https://world.openfoodfacts.org/product/7892840818630
EAN-7622210754882,7622210754882,Biscoito cookie shot lacta pacote 80g,Bis,Biscoitos,80 G,UN,,,0,0,PRODUTO,SIM,CONFERIR EMBALAGEM,https://world.openfoodfacts.org/product/7622210754882
EAN-7891150089174,7891150089174,Biscoito cookie vegano morango cobertura cacau mãe terra choco pacote 80g,Bis,Biscoitos,80 G,UN,,,0,0,PRODUTO,SIM,CONFERIR EMBALAGEM,https://world.openfoodfacts.org/product/7891150089174
EAN-7896496917525,7896496917525,Biscoito cracker com gergelim integral orgânico mãe terra pacote 130g,Bis,Biscoitos,130 G,UN,,,0,0,PRODUTO,SIM,CONFERIR EMBALAGEM,https://world.openfoodfacts.org/product/7896496917525
EAN-7896496917501,7896496917501,Biscoito cracker integral orgânico multigrãos mãe terra pacote 130g,Bis,Biscoitos,130 G,UN,,,0,0,PRODUTO,SIM,CONFERIR EMBALAGEM,https://world.openfoodfacts.org/product/7896496917501
EAN-7896213006235,7896213006235,Biscoito cream cracker amanteigado tradicional vitarella pacote 350g,Bis,Biscoitos,350 G,UN,,,0,0,PRODUTO,SIM,CONFERIR EMBALAGEM,https://world.openfoodfacts.org/product/7896213006235
EAN-7891962014982,7891962014982,Biscoito cream cracker bauducco levíssimo pacote 200g,Bis,Biscoitos,200 G,UN,,,0,0,PRODUTO,SIM,CONFERIR EMBALAGEM,https://world.openfoodfacts.org/product/7891962014982
EAN-7891962026831,7891962026831,Biscoito cream cracker integral bauducco levíssimo pacote 200g,Bis,Biscoitos,200 G,UN,,,0,0,PRODUTO,SIM,CONFERIR EMBALAGEM,https://world.openfoodfacts.org/product/7891962026831
EAN-7896003739169,7896003739169,Biscoito cream cracker integral marilan pacote 155g,Bis,Biscoitos,155 G,UN,,,0,0,PRODUTO,SIM,CONFERIR EMBALAGEM,https://world.openfoodfacts.org/product/7896003739169
EAN-7896003739176,7896003739176,Biscoito cream cracker integral marilan pacote 335g,Bis,Biscoitos,335 G,UN,,,0,0,PRODUTO,SIM,CONFERIR EMBALAGEM,https://world.openfoodfacts.org/product/7896003739176
EAN-7896213006266,7896213006266,"Biscoito cream cracker integral vitarella pacote 367,5g",Bis,Biscoitos,367.5 G,UN,,,0,0,PRODUTO,SIM,CONFERIR EMBALAGEM,https://world.openfoodfacts.org/product/7896213006266
EAN-7896003738612,7896003738612,Biscoito cream cracker manteiga marilan pacote 350g,Bis,Biscoitos,350 G,UN,,,0,0,PRODUTO,SIM,CONFERIR EMBALAGEM,https://world.openfoodfacts.org/product/7896003738612
EAN-7896003739145,7896003739145,Biscoito cream cracker marilan pacote 140g,Bis,Biscoitos,140 G,UN,,,0,0,PRODUTO,SIM,CONFERIR EMBALAGEM,https://world.openfoodfacts.org/product/7896003739145
EAN-7896003739152,7896003739152,Biscoito cream cracker marilan pacote 300g,Bis,Biscoitos,300 G,UN,,,0,0,PRODUTO,SIM,CONFERIR EMBALAGEM,https://world.openfoodfacts.org/product/7896003739152
EAN-7896003738605,7896003738605,Biscoito cream cracker marilan pacote 350g,Bis,Biscoitos,350 G,UN,,,0,0,PRODUTO,SIM,CONFERIR EMBALAGEM,https://world.openfoodfacts.org/product/7896003738605
EAN-7896003703214,7896003703214,Biscoito cream cracker marilan pacote 400g,Bis,Biscoitos,400 G,UN,,,0,0,PRODUTO,SIM,CONFERIR EMBALAGEM,https://world.openfoodfacts.org/product/7896003703214
EAN-7896024721198,7896024721198,Biscoito cream cracker piraquê pacote 200g,Bis,Biscoitos,200 G,UN,,,0,0,PRODUTO,SIM,CONFERIR EMBALAGEM,https://world.openfoodfacts.org/product/7896024721198
EAN-7896024760296,7896024760296,Biscoito cristal piraquê pacote 150g,Bis,Biscoitos,150 G,UN,,,0,0,PRODUTO,SIM,CONFERIR EMBALAGEM,https://world.openfoodfacts.org/product/7896024760296
EAN-7896213005771,7896213005771,Biscoito cristal vitarella delicitá pacote 414g,Bis,Biscoitos,414 G,UN,,,0,0,PRODUTO,SIM,CONFERIR EMBALAGEM,https://world.openfoodfacts.org/product/7896213005771
EAN-7898649352078,7898649352078,Biscoito de milho fit food pacote 130g,Bis,Biscoitos,130 G,UN,,,0,0,PRODUTO,SIM,CONFERIR EMBALAGEM,https://world.openfoodfacts.org/product/7898649352078
EAN-7898171340185,7898171340185,Biscoito de polvilho doce biscoitone pacote 100g,Bis,Biscoitos,100 G,UN,,,0,0,PRODUTO,SIM,CONFERIR EMBALAGEM,https://world.openfoodfacts.org/product/7898171340185
EAN-7898171340017,7898171340017,Biscoito de polvilho salgado biscoitone pacote 100g,Bis,Biscoitos,100 G,UN,,,0,0,PRODUTO,SIM,CONFERIR EMBALAGEM,https://world.openfoodfacts.org/product/7898171340017
EAN-7898171340024,7898171340024,Biscoito de polvilho salgado biscoitone pacote 200g,Bis,Biscoitos,200 G,UN,,,0,0,PRODUTO,SIM,CONFERIR EMBALAGEM,https://world.openfoodfacts.org/product/7898171340024
EAN-7896061301339,7896061301339,Biscoito din crackers bacon tucs pacote 100g,Bis,Biscoitos,100 G,UN,,,0,0,PRODUTO,SIM,CONFERIR EMBALAGEM,https://world.openfoodfacts.org/product/7896061301339
EAN-7896061302251,7896061302251,Biscoito din crackers churrasco tucs pacote 100g,Bis,Biscoitos,100 G,UN,,,0,0,PRODUTO,SIM,CONFERIR EMBALAGEM,https://world.openfoodfacts.org/product/7896061302251
EAN-7896061300677,7896061300677,Biscoito din crackers original tucs pacote 100g,Bis,Biscoitos,100 G,UN,,,0,0,PRODUTO,SIM,CONFERIR EMBALAGEM,https://world.openfoodfacts.org/product/7896061300677
EAN-7896061301865,7896061301865,Biscoito din crackers pizza tucs pacote 100g,Bis,Biscoitos,100 G,UN,,,0,0,PRODUTO,SIM,CONFERIR EMBALAGEM,https://world.openfoodfacts.org/product/7896061301865
EAN-7896061300189,7896061300189,Biscoito din crackers queijo tucs pacote 100g,Bis,Biscoitos,100 G,UN,,,0,0,PRODUTO,SIM,CONFERIR EMBALAGEM,https://world.openfoodfacts.org/product/7896061300189
EAN-7896061301872,7896061301872,Biscoito din crackers salame tucs pacote 100g,Bis,Biscoitos,100 G,UN,,,0,0,PRODUTO,SIM,CONFERIR EMBALAGEM,https://world.openfoodfacts.org/product/7896061301872
EAN-7891000320204,7891000320204,Biscoito integral abobrinha mucilon meu primeiro lanchinho pacote 35g,Bis,Biscoitos,35 G,UN,,,0,0,PRODUTO,SIM,CONFERIR EMBALAGEM,https://world.openfoodfacts.org/product/7891000320204
EAN-7891000304839,7891000304839,"Biscoito integral banana, aveia canela nesfit pacote 160g",Bis,Biscoitos,160 G,UN,,,0,0,PRODUTO,SIM,CONFERIR EMBALAGEM,https://world.openfoodfacts.org/product/7891000304839
EAN-7896001282209,7896001282209,Biscoito integral banana e canela linea pacote 120g,Bis,Biscoitos,120 G,UN,,,0,0,PRODUTO,SIM,CONFERIR EMBALAGEM,https://world.openfoodfacts.org/product/7896001282209
EAN-7891000304792,7891000304792,Biscoito integral coco nesfit pacote 160g,Bis,Biscoitos,160 G,UN,,,0,0,PRODUTO,SIM,CONFERIR EMBALAGEM,https://world.openfoodfacts.org/product/7891000304792
EAN-7896001282216,7896001282216,Biscoito integral laranja e cenoura linea pacote 120g,Bis,Biscoitos,120 G,UN,,,0,0,PRODUTO,SIM,CONFERIR EMBALAGEM,https://world.openfoodfacts.org/product/7896001282216
EAN-7891962045177,7891962045177,Biscoito integral leite e granola bauducco cereale pacote 165g,Bis,Biscoitos,165 G,UN,,,0,0,PRODUTO,SIM,CONFERIR EMBALAGEM,https://world.openfoodfacts.org/product/7891962045177
EAN-7891000304716,7891000304716,Biscoito integral limão cereais nesfit pacote 160g,Bis,Biscoitos,160 G,UN,,,0,0,PRODUTO,SIM,CONFERIR EMBALAGEM,https://world.openfoodfacts.org/product/7891000304716
EAN-7891000320242,7891000320242,Biscoito integral milho mucilon meu primeiro lanchinho pacote 35g,Bis,Biscoitos,35 G,UN,,,0,0,PRODUTO,SIM,CONFERIR EMBALAGEM,https://world.openfoodfacts.org/product/7891000320242
EAN-7891000068458,7891000068458,Biscoito integral nesfit pacote 126g,Bis,Biscoitos,126 G,UN,,,0,0,PRODUTO,SIM,CONFERIR EMBALAGEM,https://world.openfoodfacts.org/product/7891000068458
EAN-7891000320280,7891000320280,Biscoito integral tomate mucilon meu primeiro lanchinho pacote 35g,Bis,Biscoitos,35 G,UN,,,0,0,PRODUTO,SIM,CONFERIR EMBALAGEM,https://world.openfoodfacts.org/product/7891000320280
EAN-7896213005764,7896213005764,"Biscoito integral vitarella delicitá pacote 367,5g",Bis,Biscoitos,367.5 G,UN,,,0,0,PRODUTO,SIM,CONFERIR EMBALAGEM,https://world.openfoodfacts.org/product/7896213005764
EAN-7891000369203,7891000369203,Biscoito laranja e banana mucilon meu primeiro lanchinho pacote 35g,Bis,Biscoitos,35 G,UN,,,0,0,PRODUTO,SIM,CONFERIR EMBALAGEM,https://world.openfoodfacts.org/product/7891000369203
EAN-7891962068039,7891962068039,Biscoito leite bauducco pacote 335g,Bis,Biscoitos,335 G,UN,,,0,0,PRODUTO,SIM,CONFERIR EMBALAGEM,https://world.openfoodfacts.org/product/7891962068039
EAN-7896024760340,7896024760340,Biscoito leite maltado e coco piraquê pacote 160g,Bis,Biscoitos,160 G,UN,,,0,0,PRODUTO,SIM,CONFERIR EMBALAGEM,https://world.openfoodfacts.org/product/7896024760340
EAN-7896024760326,7896024760326,Biscoito leite maltado light piraquê pacote 160g,Bis,Biscoitos,160 G,UN,,,0,0,PRODUTO,SIM,CONFERIR EMBALAGEM,https://world.openfoodfacts.org/product/7896024760326
EAN-7896024761330,7896024761330,Biscoito leite maltado recheio doce de leite piraquê pacote 85g,Bis,Biscoitos,85 G,UN,,,0,0,PRODUTO,SIM,CONFERIR EMBALAGEM,https://world.openfoodfacts.org/product/7896024761330
EAN-7896003703061,7896003703061,Biscoito leite marilan pacote 400g,Bis,Biscoitos,400 G,UN,,,0,0,PRODUTO,SIM,CONFERIR EMBALAGEM,https://world.openfoodfacts.org/product/7896003703061
EAN-7896085076190,7896085076190,Biscoito leite recheio morango meu malvado favorito adria plugados pacote 130g,Bis,Biscoitos,130 G,UN,,,0,0,PRODUTO,SIM,CONFERIR EMBALAGEM,https://world.openfoodfacts.org/product/7896085076190
EAN-7896085053399,7896085053399,Biscoito maisena adria pacote 200g,Bis,Biscoitos,200 G,UN,,,0,0,PRODUTO,SIM,CONFERIR EMBALAGEM,https://world.openfoodfacts.org/product/7896085053399
EAN-7891962032450,7891962032450,Biscoito maizena bauducco pacote 170g,Bis,Biscoitos,170 G,UN,,,0,0,PRODUTO,SIM,CONFERIR EMBALAGEM,https://world.openfoodfacts.org/product/7891962032450
EAN-7896024723055,7896024723055,Biscoito maizena integral piraquê pacote 200g,Bis,Biscoitos,200 G,UN,,,0,0,PRODUTO,SIM,CONFERIR EMBALAGEM,https://world.openfoodfacts.org/product/7896024723055
EAN-7896213006334,7896213006334,Biscoito maizena integral vitarella pacote 350g,Bis,Biscoitos,350 G,UN,,,0,0,PRODUTO,SIM,CONFERIR EMBALAGEM,https://world.openfoodfacts.org/product/7896213006334
EAN-7896213006426,7896213006426,Biscoito maizena leite vitarella pacote 350g,Bis,Biscoitos,350 G,UN,,,0,0,PRODUTO,SIM,CONFERIR EMBALAGEM,https://world.openfoodfacts.org/product/7896213006426
EAN-7896024722591,7896024722591,Biscoito maizena light piraquê pacote 200g,Bis,Biscoitos,200 G,UN,,,0,0,PRODUTO,SIM,CONFERIR EMBALAGEM,https://world.openfoodfacts.org/product/7896024722591
EAN-7891168100014,7891168100014,Biscoito maizena tostines pacote 200g,Bis,Biscoitos,200 G,UN,,,0,0,PRODUTO,SIM,CONFERIR EMBALAGEM,https://world.openfoodfacts.org/product/7891168100014
EAN-7896213006396,7896213006396,Biscoito maizena tradicional vitarella pacote 350g,Bis,Biscoitos,350 G,UN,,,0,0,PRODUTO,SIM,CONFERIR EMBALAGEM,https://world.openfoodfacts.org/product/7896213006396
EAN-7896213000691,7896213000691,Biscoito maizena tradicional vitarella pacote 400g,Bis,Biscoitos,400 G,UN,,,0,0,PRODUTO,SIM,CONFERIR EMBALAGEM,https://world.openfoodfacts.org/product/7896213000691
EAN-7891150089181,7891150089181,Biscoito maizena vegano integral cobertura cacau mãe terra choco pacote 58g,Bis,Biscoitos,58 G,UN,,,0,0,PRODUTO,SIM,CONFERIR EMBALAGEM,https://world.openfoodfacts.org/product/7891150089181
EAN-7891150081345,7891150081345,Biscoito maizena vegano integral orgânico mãe terra zooreta pacote 80g,Bis,Biscoitos,80 G,UN,,,0,0,PRODUTO,SIM,CONFERIR EMBALAGEM,https://world.openfoodfacts.org/product/7891150081345
EAN-7898144110081,7898144110081,Biscoito mantecal ellen pacote 150g,Bis,Biscoitos,150 G,UN,,,0,0,PRODUTO,SIM,CONFERIR EMBALAGEM,https://world.openfoodfacts.org/product/7898144110081
EAN-7896003738551,7896003738551,Biscoito manteiga marilan pacote 350g,Bis,Biscoitos,350 G,UN,,,0,0,PRODUTO,SIM,CONFERIR EMBALAGEM,https://world.openfoodfacts.org/product/7896003738551
EAN-7896003738575,7896003738575,Biscoito maria marilan pacote 350g,Bis,Biscoitos,350 G,UN,,,0,0,PRODUTO,SIM,CONFERIR EMBALAGEM,https://world.openfoodfacts.org/product/7896003738575
EAN-7896213006358,7896213006358,Biscoito maria tradicional vitarella pacote 350g,Bis,Biscoitos,350 G,UN,,,0,0,PRODUTO,SIM,CONFERIR EMBALAGEM,https://world.openfoodfacts.org/product/7896213006358
EAN-7896213000455,7896213000455,Biscoito maria tradicional vitarella pacote 400g,Bis,Biscoitos,400 G,UN,,,0,0,PRODUTO,SIM,CONFERIR EMBALAGEM,https://world.openfoodfacts.org/product/7896213000455
EAN-7896003738506,7896003738506,Biscoito marilan maizena pacote 170g,Bis,Biscoitos,170 G,UN,,,0,0,PRODUTO,SIM,CONFERIR EMBALAGEM,https://world.openfoodfacts.org/product/7896003738506
EAN-7896003738520,7896003738520,Biscoito marilan maizena pacote 350g,Bis,Biscoitos,350 G,UN,,,0,0,PRODUTO,SIM,CONFERIR EMBALAGEM,https://world.openfoodfacts.org/product/7896003738520
EAN-7891000369159,7891000369159,Biscoito morango e banana mucilon meu primeiro lanchinho pacote 35g,Bis,Biscoitos,35 G,UN,,,0,0,PRODUTO,SIM,CONFERIR EMBALAGEM,https://world.openfoodfacts.org/product/7891000369159
EAN-7622300830151,7622300830151,Biscoito original batman oreo pacote 90g,Bis,Biscoitos,90 G,UN,,,0,0,PRODUTO,SIM,CONFERIR EMBALAGEM,https://world.openfoodfacts.org/product/7622300830151
EAN-7896213005757,7896213005757,Biscoito original vitarella delicitá pacote 350g,Bis,Biscoitos,350 G,UN,,,0,0,PRODUTO,SIM,CONFERIR EMBALAGEM,https://world.openfoodfacts.org/product/7896213005757
EAN-7892840814748,7892840814748,Amendoim frito salgado sem pele elma chips pacote 100g,Elma Chips,Petiscos e conveniência,100 G,UN,,,0,0,PRODUTO,SIM,CONFERIR EMBALAGEM,https://world.openfoodfacts.org/product/7892840814748
EAN-7892840819903,7892840819903,Amendoim frito salgado sem pele elma chips pacote 400g embalagem econômica,Elma Chips,Petiscos e conveniência,400 G,UN,,,0,0,PRODUTO,SIM,CONFERIR EMBALAGEM,https://world.openfoodfacts.org/product/7892840819903
EAN-7892840142124,7892840142124,Amendoim frito salgado sem pele elma chips pacote 40g,Elma Chips,Petiscos e conveniência,40 G,UN,,,0,0,PRODUTO,SIM,CONFERIR EMBALAGEM,https://world.openfoodfacts.org/product/7892840142124
EAN-7892840819248,7892840819248,Amendoim frito sem pele chili limón elma chips pacote 38g,Elma Chips,Petiscos e conveniência,38 G,UN,,,0,0,PRODUTO,SIM,CONFERIR EMBALAGEM,https://world.openfoodfacts.org/product/7892840819248
EAN-7892840819255,7892840819255,Amendoim frito sem pele chili limón elma chips pacote 85g,Elma Chips,Petiscos e conveniência,85 G,UN,,,0,0,PRODUTO,SIM,CONFERIR EMBALAGEM,https://world.openfoodfacts.org/product/7892840819255
EAN-7892840817749,7892840817749,Amendoim japonês elma chips pacote 400g embalagem econômica,Elma Chips,Petiscos e conveniência,400 G,UN,,,0,0,PRODUTO,SIM,CONFERIR EMBALAGEM,https://world.openfoodfacts.org/product/7892840817749
EAN-7892840818265,7892840818265,Ovinhos de amendoim elma chips pacote 255g,Elma Chips,Petiscos e conveniência,255 G,UN,,,0,0,PRODUTO,SIM,CONFERIR EMBALAGEM,https://world.openfoodfacts.org/product/7892840818265
EAN-7892840818258,7892840818258,Ovinhos de amendoim elma chips pacote 65g,Elma Chips,Petiscos e conveniência,65 G,UN,,,0,0,PRODUTO,SIM,CONFERIR EMBALAGEM,https://world.openfoodfacts.org/product/7892840818258
EAN-7892840818999,7892840818999,Ovinhos de amendoim wasabi elma chips pacote 140g,Elma Chips,Petiscos e conveniência,140 G,UN,,,0,0,PRODUTO,SIM,CONFERIR EMBALAGEM,https://world.openfoodfacts.org/product/7892840818999
EAN-7892840814724,7892840814724,Amendoim japones 145g elma chips m,Elma Chips,Petiscos e conveniência,145 G,UN,,,0,0,PRODUTO,SIM,CONFERIR EMBALAGEM,https://world.openfoodfacts.org/product/7892840814724
EAN-7891000358887,7891000358887,Tablete classic amendoim 150g nestle,Nestlé,Petiscos e conveniência,150 G,UN,,,0,0,PRODUTO,SIM,CONFERIR EMBALAGEM,https://world.openfoodfacts.org/product/7891000358887
EAN-7891095011315,7891095011315,Amendoim com mel yoki pacote 150g,,Petiscos e conveniência,150 G,UN,,,0,0,PRODUTO,SIM,CONFERIR EMBALAGEM,https://world.openfoodfacts.org/product/7891095011315
EAN-7891095910991,7891095910991,Amendoim crocante alho e limão yoki sabor do chef pacote 150g,,Petiscos e conveniência,150 G,UN,,,0,0,PRODUTO,SIM,CONFERIR EMBALAGEM,https://world.openfoodfacts.org/product/7891095910991
EAN-7891095911004,7891095911004,Amendoim crocante alho e limão yoki sabor do chef pacote 500g,,Petiscos e conveniência,500 G,UN,,,0,0,PRODUTO,SIM,CONFERIR EMBALAGEM,https://world.openfoodfacts.org/product/7891095911004
EAN-7896058599794,7896058599794,Amendoim crocante cebola e salsa dori pettiz pacote 120g,,Petiscos e conveniência,120 G,UN,,,0,0,PRODUTO,SIM,CONFERIR EMBALAGEM,https://world.openfoodfacts.org/product/7896058599794
EAN-7896058599503,7896058599503,Amendoim crocante cebola e salsa dori pettiz pacote 350g,,Petiscos e conveniência,350 G,UN,,,0,0,PRODUTO,SIM,CONFERIR EMBALAGEM,https://world.openfoodfacts.org/product/7896058599503
EAN-7896058503791,7896058503791,Amendoim crocante cebola e salsa dori pettiz pacote 500g,,Petiscos e conveniência,500 G,UN,,,0,0,PRODUTO,SIM,CONFERIR EMBALAGEM,https://world.openfoodfacts.org/product/7896058503791
EAN-7896058599831,7896058599831,Amendoim crocante natural dori pettiz pacote 120g,,Petiscos e conveniência,120 G,UN,,,0,0,PRODUTO,SIM,CONFERIR EMBALAGEM,https://world.openfoodfacts.org/product/7896058599831
EAN-7896058599510,7896058599510,Amendoim crocante natural dori pettiz pacote 350g,,Petiscos e conveniência,350 G,UN,,,0,0,PRODUTO,SIM,CONFERIR EMBALAGEM,https://world.openfoodfacts.org/product/7896058599510
EAN-7896058599848,7896058599848,Amendoim crocante pimenta vermelha dori pettiz pacote 120g,,Petiscos e conveniência,120 G,UN,,,0,0,PRODUTO,SIM,CONFERIR EMBALAGEM,https://world.openfoodfacts.org/product/7896058599848
EAN-7896058503852,7896058503852,Amendoim crocante pimenta vermelha dori pettiz pacote 150g,,Petiscos e conveniência,150 G,UN,,,0,0,PRODUTO,SIM,CONFERIR EMBALAGEM,https://world.openfoodfacts.org/product/7896058503852
EAN-7896058599497,7896058599497,Amendoim crocante pimenta vermelha dori pettiz pacote 350g,,Petiscos e conveniência,350 G,UN,,,0,0,PRODUTO,SIM,CONFERIR EMBALAGEM,https://world.openfoodfacts.org/product/7896058599497
EAN-7896336003708,7896336003708,Amendoim crocante salgado crokíssimo pacote 150g,,Petiscos e conveniência,150 G,UN,,,0,0,PRODUTO,SIM,CONFERIR EMBALAGEM,https://world.openfoodfacts.org/product/7896336003708
EAN-7896336010072,7896336010072,Amendoim crocante salgado crokíssimo pacote 400g,,Petiscos e conveniência,400 G,UN,,,0,0,PRODUTO,SIM,CONFERIR EMBALAGEM,https://world.openfoodfacts.org/product/7896336010072
EAN-7891095910946,7891095910946,Amendoim crocante salgado yoki pacote 150g,,Petiscos e conveniência,150 G,UN,,,0,0,PRODUTO,SIM,CONFERIR EMBALAGEM,https://world.openfoodfacts.org/product/7891095910946
EAN-7891095910953,7891095910953,Amendoim crocante salgado yoki pacote 500g,,Petiscos e conveniência,500 G,UN,,,0,0,PRODUTO,SIM,CONFERIR EMBALAGEM,https://world.openfoodfacts.org/product/7891095910953
EAN-7896336003715,7896336003715,Amendoim crocante salsa e cebola crokíssimo pacote 150g,,Petiscos e conveniência,150 G,UN,,,0,0,PRODUTO,SIM,CONFERIR EMBALAGEM,https://world.openfoodfacts.org/product/7896336003715
EAN-7896058502107,7896058502107,Amendoim japonês dori pacote 200g,,Petiscos e conveniência,200 G,UN,,,0,0,PRODUTO,SIM,CONFERIR EMBALAGEM,https://world.openfoodfacts.org/product/7896058502107
EAN-7896058507225,7896058507225,Amendoim japonês dori pettiz special pacote 150g,,Petiscos e conveniência,150 G,UN,,,0,0,PRODUTO,SIM,CONFERIR EMBALAGEM,https://world.openfoodfacts.org/product/7896058507225
EAN-7896058599626,7896058599626,Amendoim japonês salgado dori pacote 150g,,Petiscos e conveniência,150 G,UN,,,0,0,PRODUTO,SIM,CONFERIR EMBALAGEM,https://world.openfoodfacts.org/product/7896058599626
EAN-7896058594751,7896058594751,Amendoim japonês salgado dori pacote 320g,,Petiscos e conveniência,320 G,UN,,,0,0,PRODUTO,SIM,CONFERIR EMBALAGEM,https://world.openfoodfacts.org/product/7896058594751
EAN-7896058599817,7896058599817,Amendoim japonês salgado dori pettiz special pacote 120g,,Petiscos e conveniência,120 G,UN,,,0,0,PRODUTO,SIM,CONFERIR EMBALAGEM,https://world.openfoodfacts.org/product/7896058599817
EAN-7896058599480,7896058599480,Amendoim japonês salgado dori pettiz special pacote 350g,,Petiscos e conveniência,350 G,UN,,,0,0,PRODUTO,SIM,CONFERIR EMBALAGEM,https://world.openfoodfacts.org/product/7896058599480
EAN-7891095002160,7891095002160,Amendoim pralinê yoki pacote 150g,,Petiscos e conveniência,150 G,UN,,,0,0,PRODUTO,SIM,CONFERIR EMBALAGEM,https://world.openfoodfacts.org/product/7891095002160
EAN-7891095002153,7891095002153,Amendoim temperado sem casca yoki pacote 150g,,Petiscos e conveniência,150 G,UN,,,0,0,PRODUTO,SIM,CONFERIR EMBALAGEM,https://world.openfoodfacts.org/product/7891095002153
EAN-7891095011605,7891095011605,Amendoim tipo 2 yoki pacote 500g,,Petiscos e conveniência,500 G,UN,,,0,0,PRODUTO,SIM,CONFERIR EMBALAGEM,https://world.openfoodfacts.org/product/7891095011605
EAN-7896058597752,7896058597752,Amendoim torrado com lascas de alho dori de boteco pacote 90g,,Petiscos e conveniência,90 G,UN,,,0,0,PRODUTO,SIM,CONFERIR EMBALAGEM,https://world.openfoodfacts.org/product/7896058597752
EAN-7896058596083,7896058596083,Amendoim torrado com lascas de cebola dori de boteco pacote 320g,,Petiscos e conveniência,320 G,UN,,,0,0,PRODUTO,SIM,CONFERIR EMBALAGEM,https://world.openfoodfacts.org/product/7896058596083
EAN-7896058597769,7896058597769,Amendoim torrado com lascas de cebola dori de boteco pacote 90g,,Petiscos e conveniência,90 G,UN,,,0,0,PRODUTO,SIM,CONFERIR EMBALAGEM,https://world.openfoodfacts.org/product/7896058597769
EAN-7896058596069,7896058596069,Amendoim torrado salgado dori de boteco pacote 320g,,Petiscos e conveniência,320 G,UN,,,0,0,PRODUTO,SIM,CONFERIR EMBALAGEM,https://world.openfoodfacts.org/product/7896058596069
EAN-7891095002146,7891095002146,Amendoim torrado salgado sem casca yoki pacote 150g,,Petiscos e conveniência,150 G,UN,,,0,0,PRODUTO,SIM,CONFERIR EMBALAGEM,https://world.openfoodfacts.org/product/7891095002146
EAN-7891095015344,7891095015344,Amendoim torrado salgado sem casca yoki pacote 500g,,Petiscos e conveniência,500 G,UN,,,0,0,PRODUTO,SIM,CONFERIR EMBALAGEM,https://world.openfoodfacts.org/product/7891095015344
EAN-7896336005542,7896336005542,Amendoim torrado salgado sem pele amíndus pacote 200g,,Petiscos e conveniência,200 G,UN,,,0,0,PRODUTO,SIM,CONFERIR EMBALAGEM,https://world.openfoodfacts.org/product/7896336005542
EAN-7896058599824,7896058599824,Amendoim torrado salgado sem pele dori pettiz special pacote 120g,,Petiscos e conveniência,120 G,UN,,,0,0,PRODUTO,SIM,CONFERIR EMBALAGEM,https://world.openfoodfacts.org/product/7896058599824
EAN-7891095910915,7891095910915,Amendoim torrado sem casca apimentado yoki pacote 150g,,Petiscos e conveniência,150 G,UN,,,0,0,PRODUTO,SIM,CONFERIR EMBALAGEM,https://world.openfoodfacts.org/product/7891095910915
EAN-7891095911172,7891095911172,Amendoim torrado sem casca chimichurri yoki pacote 150g edição limitada argentina,,Petiscos e conveniência,150 G,UN,,,0,0,PRODUTO,SIM,CONFERIR EMBALAGEM,https://world.openfoodfacts.org/product/7891095911172
EAN-7896798602549,7896798602549,Barra crocante gergelim e castanha de caju zero açúcar levittá pacote 10g,,Petiscos e conveniência,10 G,UN,,,0,0,PRODUTO,SIM,CONFERIR EMBALAGEM,https://world.openfoodfacts.org/product/7896798602549
EAN-7898176580210,7898176580210,Barra de nuts castanha com coco zero lactose bio2 7nuts pacote 25g,,Petiscos e conveniência,25 G,UN,,,0,0,PRODUTO,SIM,CONFERIR EMBALAGEM,https://world.openfoodfacts.org/product/7898176580210
EAN-7898176580470,7898176580470,Barra de nuts castanha com cranberry zero lactose bio2 7nuts pacote 25g,,Petiscos e conveniência,25 G,UN,,,0,0,PRODUTO,SIM,CONFERIR EMBALAGEM,https://world.openfoodfacts.org/product/7898176580470
EAN-7898176580227,7898176580227,Barra de nuts castanha com damasco zero lactose bio2 7nuts pacote 25g,,Petiscos e conveniência,25 G,UN,,,0,0,PRODUTO,SIM,CONFERIR EMBALAGEM,https://world.openfoodfacts.org/product/7898176580227
EAN-7898176580234,7898176580234,Barra de nuts castanha com maçã zero lactose bio2 7nuts pacote 25g,,Petiscos e conveniência,25 G,UN,,,0,0,PRODUTO,SIM,CONFERIR EMBALAGEM,https://world.openfoodfacts.org/product/7898176580234
EAN-7891150084339,7891150084339,Barra de proteína vegana pasta de amendoim zero lactose mãe terra fit pacote 40g,,Petiscos e conveniência,40 G,UN,,,0,0,PRODUTO,SIM,CONFERIR EMBALAGEM,https://world.openfoodfacts.org/product/7891150084339
EAN-7898958161484,7898958161484,Bebida à base de castanha de caju vida veg garrafa 700ml,,Petiscos e conveniência,700 ML,UN,,,0,0,PRODUTO,SIM,CONFERIR EMBALAGEM,https://world.openfoodfacts.org/product/7898958161484
EAN-7897173098889,7897173098889,Bolinho suíço integral castanha do pará casa suíça pacote 35g,,Petiscos e conveniência,35 G,UN,,,0,0,PRODUTO,SIM,CONFERIR EMBALAGEM,https://world.openfoodfacts.org/product/7897173098889
EAN-7899943704532,7899943704532,Castanha de caju torrada e salgada tipo 1 amigos do bem castanha do bem pacote 50g,,Petiscos e conveniência,50 G,UN,,,0,0,PRODUTO,SIM,CONFERIR EMBALAGEM,https://world.openfoodfacts.org/product/7899943704532
EAN-7898557010268,7898557010268,Chips de pipoca manteiga roots to go pacote 35g,,Petiscos e conveniência,35 G,UN,,,0,0,PRODUTO,SIM,CONFERIR EMBALAGEM,https://world.openfoodfacts.org/product/7898557010268
EAN-7898557010275,7898557010275,Chips de pipoca queijo nacho roots to go pacote 35g,,Petiscos e conveniência,35 G,UN,,,0,0,PRODUTO,SIM,CONFERIR EMBALAGEM,https://world.openfoodfacts.org/product/7898557010275
EAN-7896283007279,7896283007279,Granola castanha de caju jasmine pacote 1kg embalagem econômica,,Petiscos e conveniência,1 KG,UN,,,0,0,PRODUTO,SIM,CONFERIR EMBALAGEM,https://world.openfoodfacts.org/product/7896283007279
EAN-7891150090798,7891150090798,Granola com castanha de caju mãe terra pacote 400g,,Petiscos e conveniência,400 G,UN,,,0,0,PRODUTO,SIM,CONFERIR EMBALAGEM,https://world.openfoodfacts.org/product/7891150090798
EAN-7896066301907,7896066301907,Muffin cacau e castanha de caju sem glúten zero lactose wickbold pacote 40g,,Petiscos e conveniência,40 G,UN,,,0,0,PRODUTO,SIM,CONFERIR EMBALAGEM,https://world.openfoodfacts.org/product/7896066301907
EAN-7891095023073,7891095023073,Ovinhos de amendoim cobertura polvilho yoki pacote 90g,,Petiscos e conveniência,90 G,UN,,,0,0,PRODUTO,SIM,CONFERIR EMBALAGEM,https://world.openfoodfacts.org/product/7891095023073
EAN-7896058599879,7896058599879,Ovinhos de amendoim crocante dori pettiz pacote 120g,,Petiscos e conveniência,120 G,UN,,,0,0,PRODUTO,SIM,CONFERIR EMBALAGEM,https://world.openfoodfacts.org/product/7896058599879
EAN-7896336002732,7896336002732,Pack doce de amendoim paçoquita pacote 176g 8 unidades,,Petiscos e conveniência,176 G,UN,,,0,0,PRODUTO,SIM,CONFERIR EMBALAGEM,https://world.openfoodfacts.org/product/7896336002732
EAN-7891203068415,7891203068415,"Pão integral banana, aveia, castanha e mel panco vida pacote 350g",,Petiscos e conveniência,350 G,UN,,,0,0,PRODUTO,SIM,CONFERIR EMBALAGEM,https://world.openfoodfacts.org/product/7891203068415
EAN-7896002302845,7896002302845,Pão integral castanha do pará quinoa nutrella pacote 450g,,Petiscos e conveniência,450 G,UN,,,0,0,PRODUTO,SIM,CONFERIR EMBALAGEM,https://world.openfoodfacts.org/product/7896002302845
EAN-7896066336381,7896066336381,Pão integral girassol e castanha wickbold pacote 400g,,Petiscos e conveniência,400 G,UN,,,0,0,PRODUTO,SIM,CONFERIR EMBALAGEM,https://world.openfoodfacts.org/product/7896066336381
EAN-7891203068408,7891203068408,"Pão integral maçã, quinoa e castanha panco vida pacote 350g",,Petiscos e conveniência,350 G,UN,,,0,0,PRODUTO,SIM,CONFERIR EMBALAGEM,https://world.openfoodfacts.org/product/7891203068408
EAN-7896066301839,7896066301839,Pão integral pasta de amendoim wickbold grão sabor pacote 500g,,Petiscos e conveniência,500 G,UN,,,0,0,PRODUTO,SIM,CONFERIR EMBALAGEM,https://world.openfoodfacts.org/product/7896066301839
EAN-7891095100729,7891095100729,Pipoca para micro ondas bacon yoki pacote 100g,,Petiscos e conveniência,100 G,UN,,,0,0,PRODUTO,SIM,CONFERIR EMBALAGEM,https://world.openfoodfacts.org/product/7891095100729
EAN-7891095015290,7891095015290,Pipoca para micro ondas cobertura caramelo yoki pacote 160g,,Petiscos e conveniência,160 G,UN,,,0,0,PRODUTO,SIM,CONFERIR EMBALAGEM,https://world.openfoodfacts.org/product/7891095015290
EAN-7891095910908,7891095910908,Pipoca para micro ondas cobertura churros yoki pacote 160g edição yokermesse,,Petiscos e conveniência,160 G,UN,,,0,0,PRODUTO,SIM,CONFERIR EMBALAGEM,https://world.openfoodfacts.org/product/7891095910908
EAN-7891095031641,7891095031641,Pipoca para micro ondas cobertura maçã do amor yoki pacote 160g edição yokermesse,,Petiscos e conveniência,160 G,UN,,,0,0,PRODUTO,SIM,CONFERIR EMBALAGEM,https://world.openfoodfacts.org/product/7891095031641
EAN-7891095100934,7891095100934,Pipoca para micro ondas manteiga yoki pacote 100g,,Petiscos e conveniência,100 G,UN,,,0,0,PRODUTO,SIM,CONFERIR EMBALAGEM,https://world.openfoodfacts.org/product/7891095100934
EAN-7891095007943,7891095007943,Pipoca para micro ondas natural com sal light yoki pacote 50g,,Petiscos e conveniência,50 G,UN,,,0,0,PRODUTO,SIM,CONFERIR EMBALAGEM,https://world.openfoodfacts.org/product/7891095007943
EAN-7891095030200,7891095030200,Pipoca para micro ondas natural com sal light yoki pacote 90g,,Petiscos e conveniência,90 G,UN,,,0,0,PRODUTO,SIM,CONFERIR EMBALAGEM,https://world.openfoodfacts.org/product/7891095030200
EAN-7891095002207,7891095002207,Pipoca para micro ondas natural com sal yoki pacote 100g,,Petiscos e conveniência,100 G,UN,,,0,0,PRODUTO,SIM,CONFERIR EMBALAGEM,https://world.openfoodfacts.org/product/7891095002207
EAN-7891095029716,7891095029716,Pipoca para micro ondas natural light zero sódio yoki pacote 50g,,Petiscos e conveniência,50 G,UN,,,0,0,PRODUTO,SIM,CONFERIR EMBALAGEM,https://world.openfoodfacts.org/product/7891095029716
EAN-7891095030194,7891095030194,Pipoca para micro ondas natural light zero sódio yoki pacote 90g,,Petiscos e conveniência,90 G,UN,,,0,0,PRODUTO,SIM,CONFERIR EMBALAGEM,https://world.openfoodfacts.org/product/7891095030194
EAN-7891095911141,7891095911141,Pipoca para micro ondas páprica picante yoki pacote 100g edição limitada espanha,,Petiscos e conveniência,100 G,UN,,,0,0,PRODUTO,SIM,CONFERIR EMBALAGEM,https://world.openfoodfacts.org/product/7891095911141
EAN-7891095006274,7891095006274,Pipoca para micro ondas temperada com toque de chef yoki pacote 100g,,Petiscos e conveniência,100 G,UN,,,0,0,PRODUTO,SIM,CONFERIR EMBALAGEM,https://world.openfoodfacts.org/product/7891095006274
EAN-7893218002040,7893218002040,Whisky Johnnie Walker Red Label 1 L,Johnnie Walker,Whiskies,1 L,UN,,,0,0,PRODUTO,SIM,CONFERIR EMBALAGEM,https://cosmos.bluesoft.com.br/produtos/7893218002040-whisky-johnnie-walker-red-label-1lt
EAN-5000267023601,5000267023601,Whisky Johnnie Walker Black Label 12 anos 1 L,Johnnie Walker,Whiskies,1 L,UN,,,0,0,PRODUTO,SIM,CONFERIR EMBALAGEM,https://www.cadandistribuicao.com.br/whisky-johnnie-walker-black-label-1-l-12689-1
EAN-082184090442,082184090442,Whiskey Jack Daniel's Old No. 7 1 L,Jack Daniel's,Whiskies,1 L,UN,,,0,0,PRODUTO,SIM,CONFERIR EMBALAGEM,https://www.realdist.com.br/whisky-jack-daniels-embalagem-1x1-lt-preco-unit-r14523
EAN-7891050003041,7891050003041,Whisky Ballantine's Finest 1 L,Ballantine's,Whiskies,1 L,UN,,,0,0,PRODUTO,SIM,CONFERIR EMBALAGEM,https://cosmos.bluesoft.com.br/produto/7891050003041-whisky-ballantines-finest-1lt
EAN-7891050005007,7891050005007,Whisky Chivas Regal 12 anos 750 ML,Chivas,Whiskies,750 ML,UN,,,0,0,PRODUTO,SIM,CONFERIR EMBALAGEM,https://cosmos.bluesoft.com.br/produtos/7891050005007-whisky-chivas-regal-12-anos-750ml
EAN-7891050005519,7891050005519,Whisky Chivas Regal 12 anos 1 L,Chivas,Whiskies,1 L,UN,,,0,0,PRODUTO,SIM,CONFERIR EMBALAGEM,https://www.imigrantesbebidas.com.br/whisky-chivas-regal-12-anos-escoces-1l
EAN-7891050001160,7891050001160,Whisky Passport 1 L,Passport,Whiskies,1 L,UN,,,0,0,PRODUTO,SIM,CONFERIR EMBALAGEM,https://cosmos.bluesoft.com.br/produtos/7891050001160-whisky-passport-1lt
EAN-5000281004020,5000281004020,Whisky Old Parr 12 anos 1 L,Old Parr,Whiskies,1 L,UN,,,0,0,PRODUTO,SIM,CONFERIR EMBALAGEM,https://www.cdadistribuidora.com.br/whisky-old-parr-12-anos-1l-35584
EAN-5000265001335,5000265001335,Whisky White Horse 1 L,White Horse,Whiskies,1 L,UN,,,0,0,PRODUTO,SIM,CONFERIR EMBALAGEM,https://www.cadandistribuicao.com.br/whisky-white-horse-1-l-2926-1
EAN-5010093210007,5010093210007,Whisky Teacher's Highland Cream 1 L,Teacher's,Whiskies,1 L,UN,,,0,0,PRODUTO,SIM,CONFERIR EMBALAGEM,https://barcode-list.com/barcode/EN/barcode-5010093210007/Search.htm
EAN-5011007003029,5011007003029,Whisky Jameson 750 ML,Jameson,Whiskies,750 ML,UN,,,0,0,PRODUTO,SIM,CONFERIR EMBALAGEM,https://www.nordil.com.br/whisky-jameson-750ml-208764-1
COMBO-001,,Combo Whisky + Energético + Gelo,Adega Torres,Combos,,UN,,,0,0,COMBO,SIM,DEFINIR COMPONENTES E PREÇO,SKU interno; combo sem GTIN oficial
COMBO-002,,Combo Vodka + Energético + Gelo,Adega Torres,Combos,,UN,,,0,0,COMBO,SIM,DEFINIR COMPONENTES E PREÇO,SKU interno; combo sem GTIN oficial
COMBO-003,,Combo Gin + Tônica + Gelo,Adega Torres,Combos,,UN,,,0,0,COMBO,SIM,DEFINIR COMPONENTES E PREÇO,SKU interno; combo sem GTIN oficial
COMBO-004,,Combo Campari + Laranja + Gelo,Adega Torres,Combos,,UN,,,0,0,COMBO,SIM,DEFINIR COMPONENTES E PREÇO,SKU interno; combo sem GTIN oficial
COMBO-005,,Combo Aperol Spritz,Adega Torres,Combos,,UN,,,0,0,COMBO,SIM,DEFINIR COMPONENTES E PREÇO,SKU interno; combo sem GTIN oficial
COMBO-006,,Combo Caipirinha de Limão,Adega Torres,Combos,,UN,,,0,0,COMBO,SIM,DEFINIR COMPONENTES E PREÇO,SKU interno; combo sem GTIN oficial
COMBO-007,,Combo 6 Cervejas Long Neck,Adega Torres,Combos,,UN,,,0,0,COMBO,SIM,DEFINIR COMPONENTES E PREÇO,SKU interno; combo sem GTIN oficial
COMBO-008,,Combo 12 Cervejas Lata,Adega Torres,Combos,,UN,,,0,0,COMBO,SIM,DEFINIR COMPONENTES E PREÇO,SKU interno; combo sem GTIN oficial
COMBO-009,,Combo 24 Cervejas Lata,Adega Torres,Combos,,UN,,,0,0,COMBO,SIM,DEFINIR COMPONENTES E PREÇO,SKU interno; combo sem GTIN oficial
COMBO-010,,Combo Refrigerante 2 L + Salgadinho,Adega Torres,Combos,,UN,,,0,0,COMBO,SIM,DEFINIR COMPONENTES E PREÇO,SKU interno; combo sem GTIN oficial
COMBO-011,,Combo Energético + Salgadinho,Adega Torres,Combos,,UN,,,0,0,COMBO,SIM,DEFINIR COMPONENTES E PREÇO,SKU interno; combo sem GTIN oficial
COMBO-012,,Combo Whisky + Refrigerante 2 L + Gelo,Adega Torres,Combos,,UN,,,0,0,COMBO,SIM,DEFINIR COMPONENTES E PREÇO,SKU interno; combo sem GTIN oficial
COMBO-013,,Combo Vodka + Suco + Gelo,Adega Torres,Combos,,UN,,,0,0,COMBO,SIM,DEFINIR COMPONENTES E PREÇO,SKU interno; combo sem GTIN oficial
COMBO-014,,Combo Cachaça + Limão + Gelo,Adega Torres,Combos,,UN,,,0,0,COMBO,SIM,DEFINIR COMPONENTES E PREÇO,SKU interno; combo sem GTIN oficial
COMBO-015,,Combo Vinho + Chocolate,Adega Torres,Combos,,UN,,,0,0,COMBO,SIM,DEFINIR COMPONENTES E PREÇO,SKU interno; combo sem GTIN oficial
